yyyyddd,Central_Arctic
2014338,3243635.3
2014339,3224472.44
2014340,3225152.02
2014341,3226417.67
2014342,3226417.67
2014343,3226365.52
2014344,3233757.15
2014345,3233757.15
2014346,3238758.94
2014347,3238758.94
2014348,3231971.08
2014349,3236298.25
2014350,3236298.25
2014351,3238719.8
2014352,3238719.8
2014353,3240459.53
2014354,3240459.53
2014355,3240467.45
2014356,3238152.35
2014357,3240075.29
2014358,3240075.29
2014359,3240075.29
2014360,3243975.87
2014361,3244968.87
2014362,3248432.13
2014363,3248432.13
2014364,3246347.59
2014365,3246286.64
2015001,3249311.26
2015002,3249311.26
2015003,3248123.33
2015004,3237142.03
2015005,3239375.84
2015006,3244631.74
2015007,3244565.53
2015008,3242014.24
2015009,3245522.71
2015010,3245624.59
2015011,3245624.59
2015012,3249311.26
2015013,3249311.26
2015014,3249311.26
2015015,3249311.26
2015016,3249311.26
2015017,3249311.26
2015018,3249311.26
2015019,3240477.08
2015020,3240477.08
2015021,3240477.08
2015022,3240574.52
2015023,3241494.34
2015024,3245866.17
2015025,3249311.26
2015026,3249311.26
2015027,3249311.26
2015028,3238701.9
2015029,3217849.02
2015030,3229255.08
2015031,3229261.97
2015032,3229261.97
2015033,3242046.08
2015034,3240116.87
2015035,3240116.87
2015036,3240116.87
2015037,3240297.06
2015038,3240297.06
2015039,3240297.06
2015040,3240297.06
2015041,3244016.63
2015042,3244016.63
2015043,3244016.63
2015044,3244016.63
2015045,3244111.74
2015046,3249311.26
2015047,3249311.26
2015048,3249311.26
2015049,3249311.26
2015050,3249311.26
2015051,3249112.07
2015052,3249112.07
2015053,3249112.07
2015054,3249112.07
2015055,3249311.26
2015056,3247491.34
2015057,3247491.34
2015058,3247491.34
2015059,3248057.06
2015060,3248057.06
2015061,3248057.06
2015062,3248057.06
2015063,3236632.6
2015064,3236228.87
2015065,3236228.87
2015066,3236228.87
2015067,3236228.87
2015068,3235606.97
2015069,3229613.5
2015070,3229613.5
2015071,3231996.53
2015072,3232372.85
2015073,3242593.73
2015074,3239949.53
2015075,3239949.53
2015076,3239949.53
2015077,3239949.53
2015078,3239949.53
2015079,3239949.53
2015080,3249311.26
2015081,3249311.26
2015082,3249311.26
2015083,3249311.26
2015084,3247798.9
2015085,3247798.9
2015086,3247898.45
2015087,3247898.45
2015088,3247898.45
2015089,3249184.62
2015090,3248657.13
2015091,3248657.13
2015092,3248746.43
2015093,3248746.43
2015094,3248746.43
2015095,3248746.43
2015096,3248746.43
2015097,3248746.43
2015098,3248746.43
2015099,3248746.43
2015100,3248746.43
2015101,3248757.75
2015102,3248953.61
2015103,3243503.86
2015104,3244226.85
2015105,3222848.5
2015106,3219794.55
2015107,3220727.17
2015109,3220727.17
2015110,3223415.45
2015111,3232420.63
2015112,3233711.26
2015113,3233780.51
2015114,3235553.67
2015115,3234206.33
2015116,3237607.53
2015117,3238325.67
2015118,3244007.24
2015119,3244882.32
2015120,3244882.32
2015121,3241701.73
2015122,3241701.73
2015123,3244262.92
2015124,3244262.92
2015125,3244262.92
2015126,3244414.71
2015127,3248023.22
2015128,3248023.22
2015129,3248023.22
2015130,3237388.64
2015131,3236319.66
2015132,3234837.27
2015133,3235586.6
2015134,3234586.19
2015135,3234586.19
2015136,3238066.29
2015137,3239638.87
2015138,3239779.66
2015139,3239779.66
2015140,3239779.66
2015141,3239779.66
2015142,3239779.66
2015143,3239779.66
2015144,3239779.66
2015145,3239779.66
2015146,3239779.66
2015147,3236134.21
2015148,3225108.72
2015149,3226386.48
2015150,3223835.71
2015151,3219840.31
2015152,3219480.13
2015153,3218105.93
2015154,3212777.13
2015155,3212777.13
2015156,3212777.13
2015157,3209994.95
2015158,3220964.26
2015159,3226118.91
2015160,3222198.05
2015161,3221401.58
2015162,3220416.31
2015163,3220416.31
2015164,3220416.31
2015165,3205287.71
2015166,3199858.48
2015167,3196432.67
2015168,3195757.3
2015169,3195757.3
2015170,3186767.35
2015171,3188291.85
2015172,3192125
2015173,3192125
2015174,3186733.82
2015175,3186733.82
2015176,3195544.94
2015177,3192197.86
2015178,3192197.86
2015179,3191570.79
2015180,3186095.63
2015181,3187628.1
2015182,3190225
2015183,3191060.44
2015184,3187859.99
2015185,3190577.71
2015186,3200314.77
2015187,3202679.78
2015188,3203101.69
2015189,3201757.12
2015190,3191706.07
2015191,3193324.36
2015192,3192290.8
2015193,3191230.53
2015194,3189759.4
2015195,3191964.19
2015196,3193133.33
2015197,3195043.75
2015198,3194537.22
2015199,3192852.75
2015200,3196222.16
2015201,3181805.25
2015202,3176782.19
2015203,3174166.72
2015204,3173266.77
2015205,3172685.13
2015206,3172685.13
2015207,3147852.37
2015208,3147226.35
2015209,3147174.34
2015210,3146017.66
2015211,3130629.03
2015212,3126071.9
2015213,3123849.97
2015214,3123582.78
2015215,3111679.85
2015216,3108902.72
2015217,3104790.3
2015218,3094047.1
2015219,3089895.64
2015220,3092848.19
2015221,3094367.64
2015222,3094367.64
2015223,3088323.49
2015224,3091136.96
2015225,3088095.82
2015226,3077463.5
2015227,3080959.15
2015228,3076767.39
2015229,3075962.55
2015230,3079374.02
2015231,3064454.75
2015232,3061156.33
2015233,3058808.29
2015234,3045933.98
2015235,3039611.67
2015236,3027585.55
2015237,3008237.42
2015238,2990569.15
2015239,2955784.28
2015240,2940124.2
2015241,2934882.7
2015242,2937571.83
2015243,2936518.47
2015244,2925218.72
2015245,2935713.57
2015246,2938529.29
2015247,2939442.58
2015248,2953553.46
2015249,2951306.48
2015250,2945759.31
2015251,2955159.41
2015252,2956331.13
2015253,2948288.57
2015254,2943839.07
2015255,2965656.45
2015256,2974133.25
2015257,2973148.23
2015258,2971468.79
2015259,2951037.32
2015260,2932507.05
2015261,2939486.11
2015262,2942080.19
2015263,2941135.99
2015264,2976879.04
2015265,3015435.46
2015266,3101944.1
2015267,3109373.01
2015268,3119062.74
2015269,3116319.62
2015270,3119452.53
2015271,3122892.49
2015272,3148344.74
2015273,3146582.32
2015274,3133619.45
2015275,3137644.7
2015276,3140698.3
2015277,3149268.43
2015278,3157486.4
2015279,3159295.08
2015280,3160540.54
2015281,3153685.18
2015282,3163105.55
2015283,3156329.67
2015284,3156641.12
2015285,3156670.6
2015286,3142678.5
2015287,3136144.08
2015288,3137327.93
2015289,3121814.37
2015290,3108769.79
2015291,3062381.49
2015292,3070391.14
2015293,3086489.26
2015294,3120767.12
2015295,3136577.03
2015296,3132625.93
2015297,3136766.84
2015298,3136766.84
2015299,3137774.99
2015300,3146024.96
2015301,3153222.19
2015302,3153687.6
2015303,3154639.2
2015304,3184721.06
2015305,3165622.72
2015306,3173021.37
2015307,3173021.37
2015308,3172055.53
2015309,3174595.43
2015310,3181003.65
2015311,3207606.92
2015312,3207606.92
2015313,3196805.47
2015314,3197286.18
2015315,3185801.68
2015316,3185801.68
2015317,3183371
2015318,3174042.84
2015319,3174088.28
2015320,3174876.77
2015321,3174876.77
2015322,3193573.04
2015323,3176011.5
2015324,3176011.5
2015325,3199183.37
2015326,3196253.23
2015327,3196253.23
2015328,3196253.23
2015329,3199058.19
2015330,3201145.26
2015331,3203577.13
2015332,3203577.13
2015333,3203595.28
2015334,3203595.28
2015335,3213742.85
2015336,3213742.85
2015337,3212765.04
2015338,3177112.74
2015339,3189010.66
2015340,3189010.66
2015341,3189010.66
2015342,3167186.47
2015343,3169867.03
2015344,3169867.03
2015345,3198832.11
2015346,3199705.61
2015347,3207972.42
2015348,3207972.42
2015349,3207547.61
2015350,3207547.61
2015351,3206866.73
2015352,3207038.04
2015353,3207383.55
2015354,3207383.55
2015355,3207383.55
2015356,3207383.55
2015357,3207383.55
2015358,3208700
2015359,3208700
2015360,3208700
2015361,3208700
2015362,3208793.01
2015363,3208793.01
2015364,3209561.15
2015365,3203880
2016001,3207775.12
2016002,3227137.5
2016003,3240165.95
2016004,3209685.1
2016005,3246712.52
2016006,3246712.52
2016007,3206139.8
2016008,3206139.8
2016009,3203860.06
2016010,3203860.06
2016011,3203860.06
2016012,3180488.55
2016013,3180278.01
2016014,3204197.74
2016015,3223603.45
2016016,3228652.77
2016017,3240672.7
2016018,3238298.1
2016019,3238298.1
2016020,3201073.76
2016021,3223097.43
2016022,3220773.46
2016023,3220773.46
2016024,3220773.46
2016025,3214299.62
2016026,3214299.62
2016027,3214299.62
2016028,3221329.59
2016029,3221329.59
2016030,3221329.59
2016031,3221329.59
2016032,3221329.59
2016033,3221329.59
2016034,3221761.57
2016035,3221761.57
2016036,3205870.18
2016037,3205870.18
2016038,3205870.18
2016039,3220997.31
2016040,3220997.31
2016041,3221029.02
2016042,3218271.55
2016043,3215433.88
2016044,3211477.56
2016045,3211477.56
2016046,3211477.56
2016047,3212139.99
2016048,3212139.99
2016049,3212139.99
2016050,3200394.08
2016051,3195091.1
2016052,3195091.1
2016053,3195091.1
2016054,3195091.1
2016055,3203912.99
2016056,3196835.12
2016057,3199341.57
2016058,3207998.87
2016059,3209231.56
2016060,3209231.56
2016061,3209231.56
2016062,3209231.56
2016063,3203328.74
2016064,3203465.83
2016065,3203465.83
2016066,3174441.86
2016067,3189879.32
2016068,3190952.41
2016069,3185220.64
2016070,3176672.03
2016071,3171934.25
2016072,3171934.25
2016073,3164997.06
2016074,3150635.3
2016075,3162610.06
2016076,3164684.42
2016077,3164684.42
2016078,3189811.32
2016079,3189811.32
2016080,3192542.17
2016081,3201145.71
2016082,3211019.66
2016083,3218641.92
2016084,3238069.44
2016085,3242119.55
2016086,3225392.86
2016087,3225392.86
2016088,3226140.53
2016089,3226175.69
2016090,3226197.28
2016091,3226197.28
2016092,3206649.81
2016093,3197527.44
2016094,3201042.96
2016095,3200367.92
2016096,3194873.34
2016097,3219588.58
2016098,3219588.58
2016099,3214647.35
2016100,3214665.59
2016101,3217666.77
2016102,3220212.18
2016103,3220212.18
2016104,3210798.16
2016105,3222002.34
2016106,3238390.76
2016107,3238390.76
2016108,3238390.76
2016109,3241124.62
2016110,3241158.62
2016111,3245275.56
2016112,3244727.7
2016113,3244727.7
2016114,3243954.65
2016115,3245289.14
2016116,3245244.99
2016117,3244267.35
2016118,3247833.18
2016119,3238923.11
2016120,3239410.79
2016121,3239749.59
2016122,3239749.59
2016123,3239749.59
2016124,3239749.59
2016125,3239854.86
2016126,3239107.49
2016127,3221924.44
2016128,3219928.16
2016129,3219928.16
2016130,3224003.36
2016131,3228899.25
2016132,3228899.25
2016133,3228899.25
2016134,3219386.83
2016135,3195811.54
2016136,3199415.54
2016137,3199423.49
2016138,3199531.47
2016139,3214600.7
2016140,3213579.83
2016141,3210596.35
2016142,3210596.35
2016143,3210596.35
2016144,3196233.04
2016145,3193866.22
2016146,3193866.22
2016147,3194596.3
2016148,3165209.85
2016149,3151248.79
2016150,3133930.84
2016151,3130227.84
2016152,3130227.84
2016153,3141002.89
2016154,3139514.42
2016155,3142084.32
2016156,3142084.32
2016157,3147506.28
2016158,3175790.92
2016159,3174941.68
2016160,3174941.68
2016161,3181953.48
2016162,3181802.05
2016163,3181802.05
2016164,3181802.05
2016165,3181802.05
2016166,3221147.89
2016167,3218951.75
2016168,3218951.75
2016169,3218951.75
2016170,3208366.67
2016171,3189402.58
2016172,3177887.74
2016173,3174875.01
2016174,3186927.63
2016175,3188876.37
2016176,3188876.37
2016177,3185446.28
2016178,3181906.77
2016179,3180614.3
2016180,3180614.3
2016181,3182948.34
2016182,3175470.17
2016183,3166159.08
2016184,3164610.9
2016185,3164610.9
2016186,3164610.9
2016187,3164479.56
2016188,3164479.56
2016189,3164479.56
2016190,3150957.74
2016191,3146792.81
2016192,3146792.81
2016193,3131304.11
2016194,3116194.1
2016196,3102657.31
2016197,3099576.67
2016198,3098408.33
2016199,3097358.15
2016200,3089159.01
2016201,3088058.71
2016202,3086731.4
2016203,3065366.73
2016204,3061185.76
2016205,3080075.76
2016206,3080075.76
2016207,3079054.74
2016208,3079023.06
2016209,3087917.1
2016210,3120694.88
2016211,3118769.13
2016212,3117496.41
2016213,3097673.95
2016214,3099528.47
2016215,3095499.74
2016216,3107130.6
2016217,3110153.98
2016218,3094847.32
2016219,3144291.12
2016220,3151676.97
2016221,3146464.32
2016222,3140377.83
2016223,3134607.73
2016224,3137553.64
2016225,3123053.81
2016226,3134044.69
2016227,3106227.34
2016228,3120045.21
2016229,3134377.92
2016230,3123353.85
2016231,3116413.33
2016232,3079083.31
2016233,3052995.76
2016234,3043148.78
2016235,3055838.87
2016236,3074925.52
2016237,3009065.33
2016238,2963352.75
2016239,2936337.95
2016240,2976695.96
2016241,2965023.88
2016242,2947280.51
2016243,2877297.06
2016244,2871050.59
2016245,2907882.27
2016246,2896865.51
2016247,2859050.02
2016248,2842958.64
2016249,2827029.08
2016250,2828076.17
2016251,2805660.3
2016252,2822653.86
2016253,2831902.9
2016254,2837388.19
2016255,2881560.45
2016256,2902480.91
2016257,2908220.3
2016258,2931003.52
2016259,2934128.1
2016260,2924076.33
2016261,2935618.36
2016262,2955201.84
2016263,2980606.01
2016264,3012111.58
2016265,2992996.91
2016266,2992579
2016267,2988440.94
2016268,3000178.52
2016269,3045054.1
2016270,3069601.34
2016271,3075304.98
2016272,3096934.32
2016273,3111026.3
2016274,3111259.47
2016275,3118300.95
2016276,3109369.02
2016277,3095179.02
2016278,3086354.34
2016279,3079443.71
2016280,3050637.44
2016281,3045986.94
2016282,3038575.84
2016283,3042886.24
2016284,3092393.42
2016285,3078345.4
2016286,3112621.66
2016287,3109420.07
2016288,3109420.07
2016289,3129363.28
2016290,3151197.8
2016291,3133482.72
2016292,3160788.53
2016293,3169127.6
2016294,3186373.29
2016295,3191860.15
2016296,3189205.65
2016297,3181400.13
2016298,3188128.29
2016299,3196942.97
2016300,3182918.38
2016301,3180140.69
2016302,3172857.63
2016303,3152894.25
2016304,3142837.44
2016305,3154550.12
2016306,3162756.19
2016307,3169539.73
2016308,3160087.95
2016309,3152872.55
2016310,3154223.24
2016311,3172090.64
2016312,3189778.44
2016313,3175035.32
2016314,3175035.32
2016315,3132913.22
2016316,3124897.37
2016317,3129253.77
2016318,3132990.47
2016319,3124557.93
2016320,3112065.7
2016321,3076827.28
2016322,3035308.85
2016323,3036628.46
2016324,2951896.35
2016325,3037305.34
2016326,3011533.03
2016327,3051716.98
2016328,3041602.45
2016329,3080726.03
2016330,3121271.04
2016331,3129416.53
2016332,3133173.52
2016333,3139102.56
2016334,3144170.03
2016335,3158159.99
2016336,3162596.85
2016337,3182446.25
2016338,3168475.41
2016339,3168475.41
2016340,3168475.41
2016341,3170525.15
2016342,3188940.32
2016343,3191413.55
2016344,3193284.1
2016345,3193085.28
2016346,3203731.9
2016347,3199276.06
2016348,3201079.53
2016349,3190116.13
2016350,3183085.79
2016351,3181297.49
2016352,3179369.08
2016353,3184527.91
2016354,3185499.42
2016355,3148374.51
2016356,3148374.51
2016357,3157303.02
2016358,3134600.53
2016359,3048152.58
2016360,3038771.02
2016361,3063627.58
2016362,3063627.58
2016363,3103934.05
2016364,3115870
2016365,3097256.59
2016366,3091201.03
2017001,3085374.72
2017002,3090391.08
2017003,3114485.2
2017004,3122875.1
2017005,3135937.72
2017006,3135122.63
2017007,3119103.92
2017008,3125247.27
2017009,3143385.11
2017010,3151136.13
2017011,3144952.82
2017012,3159181.77
2017013,3159181.77
2017014,3164919.02
2017015,3164919.02
2017016,3162478.2
2017017,3162478.2
2017018,3123252.42
2017019,3127495.55
2017020,3118092.45
2017021,3126089.41
2017022,3112168.55
2017023,3145333.27
2017024,3147783.5
2017025,3138280.33
2017026,3137621.53
2017027,3112359.76
2017028,3116650.83
2017029,3125862.39
2017030,3152184.91
2017031,3233155.62
2017032,3238221.11
2017033,3217817.72
2017034,3240507.15
2017035,3212027.9
2017036,3195540.32
2017037,3191580.02
2017038,3212155.69
2017039,3211333
2017040,3219744.8
2017041,3230597.18
2017042,3227894.79
2017043,3212083.96
2017044,3210002.57
2017045,3216671.38
2017046,3221635.26
2017047,3218899.39
2017048,3218292
2017049,3225344.25
2017050,3239977.6
2017051,3239977.6
2017052,3239977.6
2017053,3239977.6
2017054,3239987.8
2017055,3154720.54
2017056,3204581.71
2017057,3218526.24
2017058,3218773.18
2017059,3224974.28
2017060,3224974.28
2017061,3224974.28
2017062,3225060.32
2017063,3224279.5
2017064,3224279.5
2017065,3224279.5
2017066,3224279.5
2017067,3241659.77
2017068,3241376.31
2017069,3241376.31
2017070,3241637.01
2017071,3241637.01
2017072,3243531.19
2017073,3243531.19
2017074,3243531.19
2017075,3245522.92
2017076,3247668.62
2017077,3247668.62
2017078,3249287.47
2017079,3247321.6
2017080,3247321.6
2017081,3247321.6
2017082,3247934.81
2017083,3247934.81
2017084,3247934.81
2017085,3249277.24
2017086,3249277.24
2017087,3249277.24
2017088,3249277.24
2017089,3249277.24
2017090,3249277.24
2017091,3249295.33
2017092,3249295.33
2017093,3249295.33
2017094,3249063.74
2017095,3249063.74
2017096,3249063.74
2017097,3249063.74
2017098,3249063.74
2017099,3249295.33
2017100,3249295.33
2017101,3248389.33
2017102,3248389.33
2017103,3248160.64
2017104,3248160.64
2017105,3248817.02
2017106,3249161.99
2017107,3249161.99
2017108,3249161.99
2017109,3249161.99
2017110,3249148.27
2017111,3248554.15
2017112,3247588.92
2017113,3246919.84
2017114,3247906.35
2017115,3249295.33
2017116,3249295.33
2017117,3249295.33
2017118,3249295.33
2017119,3249295.33
2017120,3249295.33
2017121,3249295.33
2017122,3249295.33
2017123,3249295.33
2017124,3249295.33
2017125,3248795.4
2017126,3248795.4
2017127,3248795.4
2017128,3248795.4
2017129,3248795.4
2017130,3248012.01
2017131,3249305.56
2017132,3249305.56
2017133,3249004.83
2017134,3249004.83
2017135,3249004.83
2017136,3249004.83
2017137,3249004.83
2017138,3249004.83
2017139,3248885.05
2017140,3248885.05
2017141,3248885.05
2017142,3248337.56
2017143,3248846.65
2017144,3248845.52
2017145,3248993.48
2017146,3248993.48
2017147,3248993.48
2017148,3249002.57
2017149,3248479.54
2017150,3247671.13
2017151,3247495.62
2017152,3246819.68
2017153,3228669.17
2017154,3231205.55
2017155,3236029.29
2017156,3236682.43
2017157,3238017.25
2017158,3239139.93
2017159,3242032.45
2017160,3242252.31
2017161,3242897.33
2017162,3238649.81
2017163,3239230.99
2017164,3237309.08
2017165,3233481.49
2017166,3233170.86
2017167,3242662.18
2017168,3242155.64
2017169,3241793.29
2017170,3245190.16
2017171,3245988.59
2017172,3246020.36
2017173,3246020.36
2017174,3246889.07
2017175,3248714.07
2017176,3248042.87
2017177,3248042.87
2017178,3247283.15
2017179,3247706.52
2017180,3246644.93
2017181,3246313.87
2017182,3246225.32
2017183,3246476.33
2017184,3245639.3
2017185,3245241.63
2017186,3244733.3
2017187,3244028.54
2017188,3244231.25
2017189,3244903.1
2017190,3244378.03
2017191,3244524.12
2017192,3243315.96
2017193,3243030.93
2017194,3243737.5
2017195,3241474.99
2017196,3235015.22
2017197,3231517.61
2017198,3231796.15
2017199,3224171.54
2017200,3222335.94
2017201,3218940.66
2017202,3215225.39
2017203,3216888.35
2017204,3214915.26
2017205,3212801.06
2017206,3214662.73
2017207,3215193.45
2017208,3217154.36
2017209,3217473.99
2017210,3218617.67
2017211,3218683.95
2017212,3213876.66
2017213,3214561.25
2017214,3214484.8
2017215,3214961.72
2017216,3224220.42
2017217,3225946.52
2017218,3223479.19
2017219,3224146.49
2017220,3219338.92
2017221,3217159.94
2017222,3223259.55
2017223,3220324.96
2017224,3215719.83
2017225,3205454.6
2017226,3199254.61
2017227,3195617.99
2017228,3194330.92
2017229,3195703.81
2017230,3194985.15
2017231,3185307.48
2017232,3176176.82
2017233,3177860.19
2017234,3175799.81
2017235,3173665.47
2017236,3185620.82
2017237,3188991.95
2017238,3184987.63
2017239,3180037.65
2017240,3182207.9
2017241,3179251.29
2017242,3155481.68
2017243,3135860.48
2017244,3135741.95
2017245,3136973.52
2017246,3134297.28
2017247,3129790.14
2017248,3120833.57
2017249,3117610.29
2017250,3122059.55
2017251,3112636.79
2017252,3091875.05
2017253,3087217
2017254,3090724.53
2017255,3089874.08
2017256,3081559.53
2017257,3071613.38
2017258,3070030.86
2017259,3071263.67
2017260,3065311.51
2017261,3063514.18
2017262,3059264.96
2017263,3055240.98
2017264,3090651.05
2017265,3110297.74
2017266,3117491.17
2017267,3131653.11
2017268,3148872.64
2017269,3149869.37
2017270,3139964.68
2017271,3134177.46
2017272,3142772.13
2017273,3142805.67
2017274,3144049.29
2017275,3142719.13
2017276,3136566.91
2017277,3131412.65
2017278,3120938.1
2017279,3125347.9
2017280,3142159.36
2017281,3149422.88
2017282,3155056.19
2017283,3162496.69
2017284,3169335.22
2017285,3174294.95
2017286,3174294.95
2017287,3173666.74
2017288,3153388.23
2017289,3139875.78
2017290,3119731.23
2017291,3109648.67
2017292,3127112.34
2017293,3133395.52
2017294,3146612.41
2017295,3158452.38
2017296,3155789.21
2017297,3147989.08
2017298,3163507.86
2017299,3178237.58
2017300,3177463.96
2017301,3170049.46
2017302,3159222.93
2017303,3153210.75
2017304,3166567.44
2017305,3159057.52
2017306,3171584.07
2017309,3177467.16
2017310,3174770.03
2017311,3169844.44
2017312,3179794.86
2017313,3185259.55
2017314,3174232.53
2017315,3169777.47
2017316,3166399.94
2017317,3165256.92
2017318,3167478.49
2017319,3154984.57
2017320,3157579.08
2017321,3157832.51
2017322,3166361.73
2017323,3163347.17
2017324,3164165.47
2017325,3173469.1
2017326,3175283.95
2017327,3175138.76
2017328,3179767.26
2017329,3182852.2
2017330,3183231.03
2017331,3186954.65
2017332,3182965.7
2017333,3188643.47
2017334,3190243.9
2017335,3187462.92
2017336,3181678.55
2017337,3176838.15
2017338,3164264.22
2017339,3162820.02
2017340,3163752.14
2017341,3166995.61
2017342,3166995.61
2017343,3160008.79
2017344,3161030.13
2017345,3166988.51
2017346,3168886.33
2017347,3166365.08
2017348,3169998.24
2017349,3167801.97
2017350,3175941.35
2017351,3180037.98
2017352,3177730.92
2017353,3179587.91
2017354,3166473.58
2017355,3154554.54
2017356,3150978.4
2017357,3157552.18
2017358,3155786.62
2017359,3162318.34
2017360,3161790.15
2017361,3167114.89
2017362,3175560.56
2017363,3175560.56
2017364,3188590.92
2017365,3191829.87
2018001,3190876.62
2018002,3185538.13
2018003,3190318.14
2018004,3193098.64
2018005,3200658.02
2018006,3202407.41
2018007,3204477.39
2018008,3203444.58
2018009,3204222.26
2018010,3197122.23
2018011,3197849.38
2018012,3194915.38
2018013,3194915.38
2018014,3194915.38
2018015,3183410.04
2018016,3180538.46
2018017,3176556.67
2018018,3165371.07
2018019,3162277.09
2018020,3159314.71
2018021,3151069.92
2018022,3165311.69
2018023,3158218.68
2018024,3149541.46
2018025,3145752.45
2018026,3156669.24
2018027,3167781.5
2018028,3176944.88
2018029,3169063.75
2018030,3177153.74
2018031,3185361.81
2018032,3191834.26
2018033,3195177.14
2018034,3195177.14
2018035,3170998.6
2018036,3149708.49
2018037,3150255.82
2018038,3125213.93
2018039,3133521.85
2018040,3130927.12
2018041,3127794.29
2018042,3121092.24
2018043,3109450.92
2018044,3117138.69
2018045,3132384.66
2018046,3132384.66
2018047,3144837.11
2018048,3156189.06
2018049,3160848.81
2018050,3154883.32
2018051,3155498.12
2018052,3150711.92
2018053,3147032.1
2018054,3143482.14
2018055,3126959.01
2018056,3084320.2
2018057,3076431.39
2018058,3057727.26
2018059,3065343.58
2018060,3087924.5
2018061,3115084.07
2018062,3126562.21
2018063,3144731.05
2018064,3151435.19
2018065,3161315.56
2018066,3153231.49
2018067,3150523.2
2018068,3159609.09
2018069,3169618.82
2018070,3170781.91
2018071,3173156.74
2018072,3167423.19
2018073,3172400.28
2018074,3175908.95
2018075,3167893.66
2018076,3156508.12
2018077,3131905.78
2018078,3124853.79
2018079,3137956.24
2018080,3147368.13
2018081,3156814.47
2018082,3158923.13
2018083,3162040.8
2018084,3167806.59
2018085,3171028.47
2018086,3172847.64
2018087,3178204.09
2018088,3187841.57
2018089,3193765.15
2018090,3202912.36
2018091,3211316.56
2018092,3201863.18
2018093,3198795.53
2018094,3200994.57
2018095,3206443.27
2018096,3207418.85
2018097,3206717.37
2018098,3213775.09
2018099,3210021.67
2018100,3204100.77
2018101,3208634.58
2018102,3208321.21
2018103,3211677.37
2018104,3201009.02
2018105,3208172.93
2018106,3226502.31
2018107,3204204.4
2018108,3198237.29
2018109,3204952.68
2018110,3209349.35
2018111,3228738.87
2018112,3220074.8
2018113,3209324.74
2018114,3217349.51
2018115,3224051.03
2018116,3223319.97
2018117,3222561.54
2018118,3218803.94
2018119,3222275.31
2018120,3219880.95
2018121,3221365.7
2018122,3221276.14
2018123,3219205.49
2018124,3217206.19
2018125,3208008
2018126,3196614.14
2018127,3174021.15
2018128,3175683.98
2018129,3173155.23
2018130,3171554.01
2018131,3173342.36
2018132,3166616.05
2018133,3165735.88
2018134,3153379.6
2018135,3166975.57
2018136,3168187.52
2018137,3166065.15
2018138,3144052.42
2018139,3137442.49
2018140,3133730.67
2018141,3131812.62
2018142,3137005.79
2018143,3143041.56
2018144,3152321.09
2018145,3160386.62
2018146,3149701.6
2018147,3151606.22
2018148,3154126.4
2018149,3153958.19
2018150,3150917.2
2018151,3151471.12
2018152,3149273.27
2018153,3133586.58
2018154,3128044.02
2018155,3126537.17
2018156,3120739.96
2018157,3118390.14
2018158,3118402.6
2018159,3113538.27
2018160,3133519.05
2018161,3147441.3
2018162,3146820.78
2018163,3157993.54
2018164,3164583.89
2018165,3165083.41
2018166,3154058.39
2018167,3132561.7
2018168,3115689
2018169,3109168.87
2018170,3091381.04
2018171,3085032.43
2018172,3081038.1
2018173,3070119.64
2018174,3071640.25
2018175,3076752.88
2018176,3063091.04
2018177,3048951.6
2018178,3040558.02
2018179,3046494.17
2018180,3049214.81
2018181,3056937.63
2018182,3064913.66
2018183,3085766.92
2018184,3100744.9
2018185,3103484.37
2018186,3106869.16
2018187,3117356.05
2018188,3127089.95
2018189,3109629.5
2018190,3094386.48
2018191,3070974.5
2018192,3063595.35
2018193,3051279.47
2018194,3053645.56
2018195,3060398.62
2018196,3070151.05
2018197,3074057.93
2018198,3061472.84
2018199,3063979.63
2018200,3077840.31
2018201,3074340.59
2018202,3071819.55
2018203,3068350.25
2018204,3074343.99
2018205,3072796.5
2018206,3056076.99
2018207,3047528.35
2018208,3047469.02
2018209,3033733.12
2018210,3028622.99
2018211,3038914.13
2018212,3055342.12
2018213,3053884.46
2018214,3044032.5
2018215,3015426.38
2018216,3002767.03
2018217,2994352.59
2018218,2997653.72
2018219,2990927.01
2018220,2962970.53
2018221,2929275.28
2018222,2908167.63
2018223,2902844.91
2018224,2895460.38
2018225,2886305
2018226,2876410.57
2018227,2872941.38
2018228,2886052.21
2018229,2887965.41
2018230,2877251.49
2018231,2864391.73
2018232,2851976.77
2018233,2826913.94
2018234,2810956.04
2018235,2796001.42
2018236,2805852.38
2018237,2816274.61
2018238,2821395.83
2018239,2825218.43
2018240,2830226.38
2018241,2837978.22
2018242,2808145.94
2018243,2802356.73
2018244,2811390.35
2018245,2822245.9
2018246,2837227.61
2018247,2821160.45
2018248,2839621.05
2018249,2869128.23
2018250,2860956.24
2018251,2849851.55
2018252,2848686.37
2018253,2875745.98
2018254,2866279.64
2018255,2899705.43
2018256,2895216.54
2018257,2902981.26
2018258,2918697.26
2018259,2924620.99
2018260,2905193.9
2018261,2900230.43
2018262,2909912.43
2018263,2898930.42
2018264,2883886.1
2018265,2915161.81
2018266,2927472.1
2018267,2909394.04
2018268,2895474.03
2018269,2874324.18
2018270,2859321.13
2018271,2822680.8
2018272,2823907.23
2018273,2851587.32
2018274,2839510.64
2018275,2832085.6
2018276,2859477.27
2018277,2878767.63
2018278,2877739.37
2018279,2893320.04
2018280,2884081.41
2018281,2886142.11
2018282,2884353.8
2018283,2851518.83
2018284,2868881.17
2018285,2876860.67
2018286,2912100.69
2018287,2946678.62
2018288,2945526.25
2018289,2926059.38
2018290,2914552.81
2018291,2917589.05
2018292,2941819.83
2018293,2966794.66
2018294,2984524.63
2018295,2973826.71
2018296,2960423.04
2018297,2958012.68
2018298,2970846.37
2018299,2988491.63
2018300,3020644.54
2018301,3049221.04
2018302,3066617.79
2018303,3061990.2
2018304,3062486.41
2018305,3073117.01
2018306,3084807.32
2018307,3097578.7
2018308,3112074.93
2018309,3106005.33
2018310,3096144.55
2018311,3091133.16
2018312,3085860.12
2018313,3086046.63
2018314,3075938.66
2018315,3085861.69
2018316,3084944
2018317,3081903.01
2018318,3091020.54
2018319,3103029.2
2018320,3106610.76
2018321,3119099.57
2018322,3137084.96
2018323,3142050.45
2018324,3129259.33
2018325,3119320.02
2018326,3138662.39
2018327,3142170.81
2018328,3145560.73
2018329,3151928.76
2018330,3160904.57
2018331,3171913.74
2018332,3163944.66
2018333,3150786.39
2018334,3144829.38
2018335,3138326.24
2018336,3129976.29
2018337,3123363.87
2018338,3130722.63
2018339,3115075.88
2018340,3128278.27
2018341,3122620.99
2018342,3126619.58
2018343,3131309.42
2018344,3130172.92
2018345,3138979.04
2018346,3149277.88
2018347,3164310.73
2018348,3162368.43
2018349,3154081.57
2018350,3155140.9
2018351,3153862.92
2018352,3161971.32
2018353,3175502.07
2018354,3158418.54
2018355,3169780.73
2018356,3157717.05
2018357,3161977.78
2018358,3160808.67
2018359,3168710.97
2018360,3193474.04
2018361,3197014.61
2018362,3192636.34
2018363,3195463.86
2018364,3201991.39
2018365,3194726.62
2019001,3198415.84
2019002,3223753.72
2019003,3211664.09
2019004,3217528.29
2019005,3213006.47
2019006,3213842.38
2019007,3209551.62
2019008,3203427.46
2019009,3207197.85
2019010,3202830.85
2019011,3172150.64
2019012,3175591.85
2019013,3186132.69
2019014,3193544.72
2019015,3198818.4
2019016,3168259.97
2019017,3206454.37
2019018,3208752.98
2019019,3212837.56
2019020,3221709.4
2019021,3225858.04
2019022,3226371.64
2019023,3228148.3
2019024,3231458.82
2019025,3217129.28
2019026,3212063.61
2019027,3217047.52
2019028,3207332.1
2019029,3205405.62
2019030,3204548.97
2019031,3200682.01
2019032,3194589.93
2019033,3194739.77
2019034,3189917.49
2019035,3179267.01
2019036,3151314.39
2019037,3152900.46
2019038,3162123.06
2019039,3172223.62
2019040,3174620.62
2019041,3188645.41
2019042,3200915.28
2019043,3204045.68
2019044,3208647.97
2019045,3213379.54
2019046,3215934.51
2019047,3215197.4
2019048,3220150.81
2019049,3230317.96
2019050,3233896.01
2019051,3240879.66
2019052,3236636.08
2019053,3240115.34
2019054,3244317.53
2019055,3241803.29
2019056,3241705.98
2019057,3241760.36
2019058,3240848.26
2019059,3231947.9
2019060,3230145.02
2019061,3237765.82
2019062,3248001.57
2019063,3248795.03
2019064,3248009.28
2019065,3248610.45
2019066,3248258.33
2019067,3247780.87
2019068,3249235.49
2019069,3248127.87
2019070,3244005.04
2019071,3246085.71
2019072,3246085.71
2019073,3237247.65
2019074,3230168.46
2019075,3236083.7
2019076,3232183.36
2019077,3239765.95
2019078,3240642.32
2019079,3239152.92
2019080,3234059.42
2019081,3228301.84
2019082,3228605.33
2019083,3234388.86
2019084,3236744.28
2019085,3243326.33
2019086,3241053.15
2019087,3239745.15
2019088,3236216.79
2019089,3240582.13
2019090,3238959.76
2019091,3239929.15
2019092,3242900.32
2019093,3247273.59
2019094,3247937.74
2019095,3247937.74
2019096,3244596.06
2019097,3244853.26
2019098,3247713.91
2019099,3245264.4
2019100,3247738.66
2019101,3247509.01
2019102,3245018.09
2019103,3244272.63
2019104,3245925.65
2019105,3242470.19
2019106,3242470.19
2019107,3242890.11
2019108,3241649.1
2019109,3240947.08
2019110,3247304.7
2019111,3244557.68
2019112,3245571.21
2019113,3245561.27
2019114,3246796.49
2019115,3246763.67
2019116,3246884.81
2019117,3246233.97
2019118,3246238.54
2019119,3246238.54
2019120,3246477.87
2019121,3246477.87
2019122,3246494.83
2019123,3247702
2019124,3247487.16
2019125,3247523.37
2019126,3247640.54
2019127,3246749.38
2019128,3246654.04
2019129,3246654.04
2019130,3246200.23
2019131,3246199.09
2019132,3247335.24
2019133,3247538.33
2019134,3242912.17
2019135,3237998.43
2019136,3229435.83
2019137,3229928.86
2019138,3230495.86
2019139,3231262.93
2019140,3236899.3
2019141,3237144.51
2019142,3236244.64
2019143,3236515.94
2019144,3238463.68
2019145,3239420.88
2019146,3239511.49
2019147,3231069.94
2019148,3231249.03
2019149,3226410.85
2019150,3226928.7
2019151,3225394.92
2019152,3219590.33
2019153,3213958.6
2019154,3213293.06
2019155,3211203.18
2019156,3210801.04
2019157,3203178.58
2019158,3203538.03
2019159,3201369.36
2019160,3213733.43
2019161,3216869.59
2019162,3220462.08
2019163,3220566.81
2019164,3223964.2
2019165,3225061.7
2019166,3230599.02
2019167,3231362.37
2019168,3224864.32
2019169,3226081.76
2019170,3226882.28
2019171,3229724.55
2019172,3230156.66
2019173,3230419.25
2019174,3219214.07
2019175,3220396.15
2019176,3215767.57
2019177,3217154.7
2019178,3214932.12
2019179,3212113.8
2019180,3205321.08
2019181,3197480.35
2019182,3199277.6
2019183,3190829.51
2019184,3190062.58
2019185,3192588.77
2019186,3183121.56
2019187,3176918.87
2019188,3178105.58
2019189,3178019.25
2019190,3179738.23
2019191,3183649.2
2019192,3179848.78
2019193,3183811.47
2019194,3189201.43
2019195,3189779.04
2019196,3190903.45
2019197,3193008.42
2019198,3192985.74
2019199,3190803.46
2019200,3179611.79
2019201,3177271.57
2019202,3166864.64
2019203,3172636.65
2019204,3175534.84
2019205,3181442.12
2019206,3184619.69
2019207,3180775.8
2019208,3176462.4
2019209,3159423.2
2019210,3157065.23
2019211,3154983.47
2019212,3160254.16
2019213,3164165.27
2019214,3165502.59
2019215,3153927.27
2019216,3154085.53
2019217,3157373.59
2019218,3158733.12
2019219,3177858.54
2019220,3176744.7
2019221,3174393.06
2019222,3160065.95
2019223,3136948.68
2019224,3148601.83
2019225,3137178.55
2019226,3131153.4
2019227,3121965.78
2019228,3119912.03
2019229,3109935.53
2019230,3101338.92
2019231,3069746.8
2019232,3071005.46
2019233,3054648.71
2019234,3047510.21
2019235,3049547.78
2019236,3048791.73
2019237,3046075.36
2019238,3031647.01
2019239,3046938.27
2019240,3057401.3
2019241,3030308.81
2019242,3033466.66
2019243,3029440.42
2019244,3007378.76
2019245,3012999.53
2019246,2999067.66
2019247,3011433.72
2019248,2983090.14
2019249,2959845.46
2019250,2958040.68
2019251,2970609.77
2019252,3000992.02
2019253,3014887.04
2019254,3026933.45
2019255,3008771.6
2019256,2972052.55
2019257,2961369.37
2019258,2950024.55
2019259,2971847.79
2019260,2970335.79
2019261,2991389.46
2019262,2993022.68
2019263,2997773.89
2019264,2983465.71
2019265,2991238.94
2019266,3030667.9
2019267,3035597.34
2019268,3024959.33
2019269,3033823.06
2019270,3021082.55
2019271,3000844.48
2019272,2997145.59
2019273,3045157.94
2019274,3059976.14
2019275,3068117.88
2019276,3071913.85
2019277,3075856.29
2019278,3079542.19
2019279,3071812.88
2019280,3079640.32
2019281,3047946.74
2019282,3011596.64
2019283,3031363.13
2019284,3072757.62
2019285,3073809.75
2019286,3085353.62
2019287,3115094.45
2019288,3124935.73
2019289,3140590.12
2019290,3143729.33
2019291,3154522.01
2019292,3163736.41
2019293,3169659.85
2019294,3177654.59
2019295,3179051.78
2019296,3187120.41
2019297,3197278.81
2019298,3201833.41
2019299,3206404.38
2019300,3206276.59
2019301,3213757.39
2019302,3217080.94
2019303,3222153.68
2019304,3223125.48
2019305,3229374.9
2019306,3228468.36
2019307,3227880.65
2019308,3227370.08
2019309,3227648.35
2019310,3226526.98
2019311,3223655.91
2019312,3224600.05
2019313,3224499.22
2019314,3226504.82
2019315,3228234.37
2019316,3224987.24
2019317,3229138.05
2019318,3225969.32
2019319,3219577.21
2019320,3212652.03
2019321,3212845.23
2019322,3208869.86
2019323,3199737.31
2019324,3207191.94
2019325,3210711.8
2019326,3211166.04
2019327,3209985.84
2019328,3215750.37
2019329,3221967.75
2019330,3223364.39
2019331,3223364.39
2019332,3230918.35
2019333,3228602.39
2019334,3221601.08
2019335,3221601.08
2019336,3224772.71
2019337,3222859.5
2019338,3220399.08
2019339,3214310.64
2019340,3208277.91
2019341,3212148.55
2019342,3218033.63
2019343,3226083.9
2019344,3232832.08
2019345,3232832.08
2019346,3228734.41
2019347,3219521.48
2019348,3220960.75
2019349,3227800.16
2019350,3229941.16
2019351,3228360
2019352,3231117.36
2019353,3231117.36
2019354,3233255.63
2019355,3232339.39
2019356,3226453.25
2019357,3226453.25
2019358,3224214.14
2019359,3219593.99
2019360,3226133.37
2019361,3230225.8
2019362,3229820.27
2019363,3223372.2
2019364,3221967.09
2019365,3229568.01
2020001,3230054.73
2020002,3232733.47
2020003,3235860.81
2020004,3239718.14
2020005,3241208.48
2020006,3243649.22
2020007,3238392.47
2020008,3238392.47
2020009,3218153.05
2020010,3218545.39
2020011,3218545.39
2020012,3227849.75
2020013,3231766.59
2020014,3234285.3
2020015,3235805.14
2020016,3238878.23
2020017,3242619.57
2020018,3241548.16
2020019,3240670.16
2020020,3238824.85
2020021,3241401.61
2020022,3242545.67
2020023,3240985.44
2020024,3229748.16
2020025,3228292.49
2020026,3233802.25
2020027,3232506.18
2020028,3226765.49
2020029,3219256.14
2020030,3213757.84
2020031,3222147.34
2020032,3224574.83
2020033,3232175.73
2020034,3238367.01
2020035,3231161.13
2020036,3235843.4
2020037,3235368.98
2020038,3239259.7
2020039,3239515.85
2020040,3235691.69
2020041,3236655.01
2020042,3238591.03
2020043,3238217.49
2020044,3244158.42
2020045,3243021.28
2020046,3244397.49
2020047,3243519.83
2020048,3243315.06
2020049,3245855.51
2020050,3246817.44
2020051,3247861.45
2020052,3247861.45
2020053,3249088.38
2020054,3249167.61
2020055,3249167.61
2020056,3249224.18
2020057,3249224.18
2020058,3249224.18
2020059,3249224.18
2020060,3249224.18
2020061,3249224.18
2020062,3249224.18
2020063,3249224.18
2020064,3249224.18
2020065,3249311.26
2020066,3248694.63
2020067,3249031.8
2020068,3249311.26
2020069,3249311.26
2020070,3249311.26
2020071,3249311.26
2020072,3249311.26
2020073,3249311.26
2020074,3249311.26
2020075,3249311.26
2020076,3249311.26
2020077,3249311.26
2020078,3249311.26
2020079,3249311.26
2020080,3249311.26
2020081,3249311.26
2020082,3249311.26
2020083,3249311.26
2020084,3249311.26
2020085,3249311.26
2020086,3249311.26
2020087,3249311.26
2020088,3249311.26
2020089,3249311.26
2020090,3249311.26
2020091,3249311.26
2020092,3249311.26
2020093,3249311.26
2020094,3249311.26
2020095,3249311.26
2020096,3249311.26
2020097,3249311.26
2020098,3249311.26
2020099,3244643.38
2020100,3249311.26
2020101,3249311.26
2020102,3249311.26
2020103,3249193.17
2020104,3249193.17
2020105,3248507.47
2020106,3246857.08
2020107,3239263.72
2020108,3236881.86
2020109,3233064.74
2020110,3233846.12
2020111,3231029.59
2020112,3236228.12
2020113,3248991.02
2020114,3246352.68
2020115,3249148.19
2020116,3244990.48
2020117,3244473.3
2020118,3245957.71
2020119,3245425.68
2020120,3247210.32
2020121,3247289.2
2020122,3247736.56
2020123,3248180.76
2020124,3248180.76
2020125,3248180.76
2020126,3247816.23
2020127,3247816.23
2020128,3244882.82
2020129,3246124.05
2020130,3246124.05
2020131,3239023.25
2020132,3246211.37
2020133,3248981.92
2020134,3248724.28
2020135,3221826.64
2020136,3223769.3
2020137,3216065.79
2020138,3211464.77
2020139,3212628.26
2020140,3207586.79
2020141,3218007.78
2020142,3211943.36
2020143,3211505.4
2020144,3211823.19
2020145,3216253.8
2020146,3216420.82
2020147,3220709.96
2020148,3224271.78
2020149,3220320.13
2020150,3224935.53
2020151,3223981.2
2020152,3220370.69
2020153,3218756.87
2020154,3225688.15
2020155,3225051.99
2020156,3216633.29
2020157,3218368.93
2020158,3225162.79
2020159,3227186.71
2020160,3225902.04
2020161,3224092.3
2020162,3217958.93
2020163,3211903.89
2020164,3221046.65
2020165,3225976.01
2020166,3230924.85
2020167,3231980.28
2020168,3232816.76
2020169,3238222.86
2020170,3239068.45
2020171,3242016.85
2020172,3242228.2
2020173,3238500.74
2020174,3240857.35
2020175,3240585.63
2020176,3239592.07
2020177,3234924.61
2020178,3230747.5
2020179,3230675.45
2020180,3233111.4
2020181,3236083.84
2020182,3236531.4
2020183,3235498.44
2020184,3229587.12
2020185,3224309.25
2020186,3221779.44
2020187,3207256.77
2020188,3197627.84
2020189,3190954.69
2020190,3184194.81
2020191,3143484.29
2020192,3129704.53
2020193,3141374.4
2020194,3122422.52
2020195,3093827.21
2020196,3092409.7
2020197,3086529.25
2020198,3098132.72
2020199,3099588.17
2020200,3073190.16
2020201,3060269.62
2020202,3073485.67
2020203,3064221.57
2020204,3071712.71
2020205,3046260.56
2020206,3043199.41
2020207,3044544.63
2020208,3042311.39
2020209,3028022.68
2020210,3032929.31
2020211,3026550.39
2020212,3031157.2
2020213,3034294.32
2020214,3001734.74
2020215,2989864.28
2020216,2989710.28
2020217,3003687.25
2020218,3015354.78
2020219,2988741.22
2020220,2971054.83
2020221,2963944.97
2020222,2970542.19
2020223,2970346.95
2020224,2952415.4
2020225,2957678.84
2020226,2908044.09
2020227,2883300.33
2020228,2866437.49
2020229,2849116.74
2020230,2871995.14
2020231,2849511.94
2020232,2839825.34
2020233,2817075.78
2020234,2815649.04
2020235,2790955.29
2020236,2789202.05
2020237,2805867.74
2020238,2790158.87
2020239,2764987.9
2020240,2774180.36
2020241,2762843.61
2020242,2722609.9
2020243,2670024.32
2020244,2642627.18
2020245,2621363.37
2020246,2590112.56
2020247,2584028.28
2020248,2589691.15
2020249,2564296.93
2020250,2557458.3
2020251,2543844.7
2020252,2529970.86
2020253,2550729.31
2020254,2531395.1
2020255,2516930.47
2020256,2526421.87
2020257,2516866.57
2020258,2487423.22
2020259,2485515.92
2020260,2497003.95
2020261,2499902.46
2020262,2510600.17
2020263,2482699.79
2020264,2500354.22
2020265,2511288.15
2020266,2535408.87
2020267,2513234.6
2020268,2513515.2
2020269,2494317.15
2020270,2488979.9
2020271,2528885.06
2020272,2571859.46
2020273,2607078.95
2020274,2614381.26
2020275,2644512.45
2020276,2664580.73
2020277,2689688.77
2020278,2704395.09
2020279,2719056.15
2020280,2722328.04
2020281,2769085.73
2020282,2790147.75
2020283,2800667.49
2020284,2794174.61
2020285,2819611.55
2020286,2854108.68
2020287,2862247.05
2020288,2851556.81
2020289,2866739.81
2020290,2853479.95
2020291,2840448.89
2020292,2854404.62
2020293,2897018.79
2020294,2919329.78
2020295,2933001.84
2020296,2949503.77
2020297,2966354.24
2020298,3001659.62
2020299,3015675.34
2020300,3006999.52
2020301,3025394.77
2020302,3025537.23
2020303,3016150.68
2020304,3023079.86
2020305,3037496.26
2020306,3063462.78
2020307,3082692.23
2020308,3074932.35
2020309,3081737.36
2020310,3079274.12
2020311,3005436.01
2020312,2996834.21
2020313,3016701.35
2020314,3059978.23
2020315,3085135.99
2020316,3088173.9
2020317,3060959.09
2020318,3024511.4
2020319,3044101.41
2020320,3041418.78
2020321,3013833.93
2020322,3046935.04
2020323,3066870.17
2020324,3118978.47
2020325,3149376.05
2020326,3149376.05
2020327,3166780.65
2020328,3171566.66
2020329,3149846.66
2020330,3142063.55
2020331,3146970.68
2020332,3148096.85
2020333,3115054.92
2020334,3118115.1
2020335,3144044.87
2020336,3178016.16
2020337,3189853.21
2020338,3193455.1
2020339,3194951.24
2020340,3207068.83
2020341,3206772.34
2020342,3190472.14
2020343,3189622.27
2020344,3197339.03
2020345,3194352.73
2020346,3204164.03
2020347,3197564.98
2020348,3207931.65
2020349,3208548.64
2020350,3211493.25
2020351,3216729.16
2020352,3217077.14
2020353,3217263.61
2020354,3217263.61
2020355,3217263.61
2020356,3215660.22
2020357,3214840.52
2020358,3195647.93
2020359,3189545.75
2020360,3169850.81
2020361,3134947.41
2020362,3138370.34
2020363,3150655.32
2020364,3154584.7
2020365,3160410
2020366,3163958.34
2021001,3167542.14
2021002,3167542.14
2021003,3167542.14
2021004,3153016.97
2021005,3162660.37
2021006,3162182.72
2021007,3177698.47
2021008,3162257.4
2021009,3144837.57
2021010,3166196.38
2021011,3159302.96
2021012,3157510.4
2021013,3160229.09
2021014,3172046.01
