y_true,y_pre
0.21986437,0.24206519
0.20608182,0.24206519
0.21198863,0.22952797
0.21789543,0.23584056
0.21767665,0.24206519
0.21461387,0.24206519
0.22292715,0.23937355
0.23517829,0.24956575
0.23583461,0.26201895
0.22598994,0.26530847
0.23670968,0.251619
0.26646248,0.26530847
0.26974404,0.2878727
0.2714942,0.29301807
0.26996282,0.29301807
0.2894334,0.29301807
0.31152922,0.30854163
0.33143732,0.33035326
0.33362502,0.35028207
0.33471888,0.35028207
0.34675127,0.35495824
0.36447167,0.36433297
0.38109824,0.37998074
0.38569242,0.39549795
0.4042879,0.39549795
0.43294683,0.41432014
0.4532925,0.4438549
0.45307374,0.4578547
0.450886,0.4578547
0.4664187,0.4578547
0.48523298,0.47623083
0.5178298,0.49536327
0.5217677,0.5261179
0.5287683,0.5321273
0.54036313,0.5310904
0.54561365,0.5443253
0.56289655,0.55200934
0.59243053,0.56618047
0.59680593,0.5909653
0.5978998,0.5961183
0.60643184,0.5998657
0.6121199,0.6026745
0.6178079,0.6026745
0.6385911,0.61324334
0.65412384,0.628404
0.66659373,0.64485675
0.6563115,0.65546596
0.68650186,0.64709383
0.69087726,0.67598176
0.69262743,0.6788299
0.6904397,0.67798805
0.70159703,0.67798805
0.71756727,0.68647146
0.7217239,0.70078444
0.72369283,0.7023727
0.7160359,0.7039843
0.71625465,0.6968992
0.72063005,0.6968992
0.7180048,0.70133185
0.73266244,0.6968992
0.7440385,0.7109764
0.7337563,0.7238562
0.7234741,0.7153903
0.7201925,0.7039843
0.7147232,0.70133185
0.7138482,0.6968992
0.7210676,0.6968992
0.7223802,0.70133185
0.71100414,0.7039843
0.69722164,0.68966854
0.7024721,0.68052906
0.68387663,0.68173194
0.68212646,0.66474473
0.68190765,0.66154176
0.68081385,0.66154176
0.6462481,0.66154176
0.6506235,0.6306499
0.6479983,0.63525563
0.6285277,0.6306499
0.618683,0.6120643
0.6121199,0.6027093
0.6094946,0.59214044
0.5954933,0.59214044
0.5777729,0.5837616
0.5611464,0.57109976
0.55764604,0.5545324
0.55152047,0.54581136
0.5346751,0.5433872
0.5257055,0.5303577
0.5156421,0.5203237
0.5044848,0.5127426
0.48435792,0.49918178
0.47123167,0.48282984
0.45832422,0.4674683
0.44935462,0.45223868
0.43491578,0.44483507
0.43513453,0.4334621
0.41741413,0.43470833
0.40078756,0.4176342
0.40013126,0.39959425
0.3922555,0.3966316
0.3723474,0.3966316
0.35484576,0.3766446
0.3530956,0.36185887
0.34106323,0.36185887
0.33712536,0.3515849
0.32509297,0.3470362
0.30671626,0.33613703
0.30168453,0.319777
0.287902,0.31672364
0.28768322,0.30142087
0.28046378,0.30142087
0.27849486,0.28995293
0.26493108,0.29061738
0.26011813,0.27863726
0.24874207,0.27671146
0.24327281,0.2689197
0.24152264,0.2609315
0.22861518,0.2624989
0.21702035,0.24957877
0.21111354,0.24070281
0.20761321,0.23447818
0.2113323,0.22816558
0.21330124,0.23447818
0.20936337,0.23937355
0.19601838,0.2332988
0.19667469,0.22343016
0.19886239,0.22343016
0.20017502,0.22343016
0.20564428,0.22499655
0.20651937,0.22952797
0.20214395,0.22952797
0.20651937,0.22499655
0.21264493,0.22952797
0.2181142,0.23751333
0.2203019,0.24206519
0.23627216,0.24481535
0.24611682,0.26530847
0.24589805,0.26830164
0.25508642,0.26830164
0.2603369,0.27989623
0.28177643,0.28108838
0.29555896,0.30473217
0.30890396,0.31544018
0.31065413,0.33035326
0.31656092,0.33035326
0.3351564,0.3375132
0.36447167,0.35495824
0.3789105,0.38134313
0.37716037,0.39564672
0.38831764,0.39564672
0.4014439,0.39900792
0.4331656,0.40908358
0.43950996,0.4438549
0.46029314,0.44648173
0.47757602,0.46624398
0.49092102,0.4854035
0.4948589,0.49855086
0.5051411,0.50335324
0.52789325,0.51255715
0.5534894,0.5346647
0.5683658,0.55816805
0.5690221,0.5706551
0.5865237,0.5706551
0.6132137,0.58991724
0.6226209,0.60928947
0.6221833,0.615419
0.634872,0.615419
0.6484358,0.62909013
0.6609057,0.639939
0.672063,0.6494239
0.6867206,0.6622049
0.6974404,0.67598176
0.6994093,0.6868025
0.7077226,0.68596065
0.7158171,0.69295335
0.73200613,0.7016387
0.7374754,0.71411556
0.7394443,0.7201923
0.7481952,0.7194837
0.76941586,0.7280817
0.7691971,0.74756694
0.7632903,0.74756694
0.76372784,0.74275917
0.76744694,0.74275917
0.771166,0.74756694
0.7685408,0.7510544
0.771166,0.74756694
0.77204114,0.7510544
0.77138484,0.7510544
0.77466637,0.7510544
0.76307154,0.7510544
0.7475388,0.74275917
0.7534456,0.7280817
0.76132137,0.73161536
0.76132137,0.74275917
0.7411945,0.74275917
0.7366003,0.7222617
0.73463136,0.7153903
0.7083789,0.7153903
0.7077226,0.6882138
0.7195362,0.6882138
0.7053161,0.70133185
0.6810326,0.683953
0.674907,0.66154176
0.66659373,0.6559315
0.65478015,0.6491925
0.627215,0.6408204
0.6132137,0.6084414
0.61299497,0.59693277
0.5992124,0.59693277
0.5878364,0.587509
0.57361627,0.57756054
0.55764604,0.56416714
0.5410195,0.54581136
0.5394881,0.53340054
0.52658063,0.53340054
0.5127981,0.5203237
0.4896084,0.5097181
0.47429445,0.48325974
0.47363815,0.46998355
0.45263618,0.46998355
0.43600962,0.44384938
0.42244586,0.4334621
0.41369504,0.41832504
0.4095384,0.41268167
0.39269307,0.40800086
0.367972,0.3966316
0.35397068,0.3718525
0.35375193,0.36185887
0.34740758,0.36185887
0.32881206,0.35339645
0.3233428,0.33890072
0.30015314,0.33613703
0.28833953,0.31672364
0.27915117,0.30269277
0.26952526,0.28995293
0.25618026,0.28716928
0.25574273,0.27471188
0.24305403,0.27471188
0.24130388,0.2609315
0.22752133,0.2609315
0.20958215,0.24724212
0.20936337,0.23193641
0.20980091,0.23193641
0.20542552,0.23193641
0.18879895,0.22816558
0.18858019,0.2126222
0.18639247,0.2126222
0.18311092,0.2126222
0.18311092,0.20608032
0.18311092,0.20608032
0.17348501,0.20608032
0.16823453,0.19937454
0.18114199,0.1958041
0.18092321,0.20608032
0.18573616,0.20608032
0.18595493,0.2126222
0.18507986,0.2126222
0.18486108,0.2126222
0.19536206,0.2126222
0.19711223,0.21821159
0.20236272,0.22343016
0.20892584,0.22499655
0.21964559,0.2332988
0.23408444,0.24206519
0.24896084,0.26015154
0.2603369,0.27329668
0.26493108,0.28108838
0.27565083,0.28382167
0.29621527,0.29580173
0.31262305,0.31544018
0.3345001,0.33035326
0.3443448,0.3524533
0.3568147,0.36569536
0.3789105,0.3741578
0.4021002,0.39564672
0.41938308,0.41189316
0.43863487,0.4294721
0.46619996,0.44648173
0.75300807,0.47703826
0.76810324,0.73389953
0.76875955,0.74756694
0.7742288,0.74756694
0.78516734,0.7510544
0.76525927,0.75968224
0.778823,0.74275917
0.7794793,0.755975
0.76569676,0.755975
0.7700722,0.74756694
0.77182233,0.74756694
0.7571647,0.7510544
0.7573835,0.7345373
0.7571647,0.7345373
0.7442573,0.7345373
0.73463136,0.7238562
0.7304747,0.7153903
0.7201925,0.7109764
0.7094728,0.70133185
0.6961278,0.6882138
0.6943776,0.68052906
0.69153357,0.6787474
0.66746885,0.67255646
0.6543426,0.6491925
0.6484358,0.6375976
0.6357471,0.6326799
0.621527,0.6211449
0.615839,0.6039506
0.59089917,0.6027093
0.57689786,0.5786086
0.56792825,0.57109976
0.53992563,0.5582984
0.5257055,0.53340054
0.5259243,0.5203237
0.5097353,0.5203237
0.48632684,0.50317067
0.47079414,0.48198798
0.4672938,0.46303296
0.44476044,0.46303296
0.4340407,0.44384938
0.41741413,0.4298496
0.40341282,0.4176342
0.39269307,0.40406147
0.3740976,0.3966316
0.35965872,0.37819672
0.3485014,0.3690442
0.33953184,0.3576895
0.3248742,0.35100228
0.3189674,0.33613703
0.3043098,0.32933313
0.28768322,0.31672364
0.27324438,0.30142087
0.2603369,0.28716928
0.25508642,0.2752396
0.24786699,0.27471188
0.2277401,0.26811227
0.21745789,0.24724212
0.21155109,0.23909344
0.19908117,0.23447818
0.18726756,0.22280243
0.183986,0.2126222
0.18114199,0.2112202
0.17042223,0.20608032
0.15904616,0.19937454
0.15926494,0.18701829
0.15926494,0.18701829
0.14657624,0.18701829
0.1424196,0.17537297
0.13738789,0.17004612
0.13695034,0.16564785
0.13716911,0.16564785
0.13432509,0.16564785
0.13345002,0.16564785
0.1327937,0.161597
0.13323124,0.161597
0.13848174,0.161597
0.15029535,0.1668647
0.1542332,0.18010505
0.15379567,0.18238087
0.16079633,0.18238087
0.1765478,0.18701829
0.18595493,0.20483594
0.1898928,0.2126222
0.2032378,0.2126222
0.2128637,0.22499655
0.22358346,0.23751333
0.2388974,0.251619
0.24896084,0.26530847
0.264056,0.27329668
0.28549552,0.28382167
0.29577774,0.30726966
0.32137388,0.31544018
0.34084445,0.34170106
0.35353315,0.36388382
0.37125355,0.3741578
0.38831764,0.3841514
0.4073507,0.40104815
0.42485234,0.42029977
0.44694814,0.4315042
0.46488732,0.4578547
0.4815139,0.47622448
0.50382847,0.49075073
0.525268,0.51255715
0.54189456,0.5343911
0.5554583,0.54711807
0.57164735,0.55816805
0.5878364,0.5748082
0.60774446,0.58991724
0.6175892,0.60449713
0.6269963,0.615066
0.6525924,0.61990976
0.66746885,0.64251477
0.67753226,0.65645164
0.68890834,0.6678152
0.70225334,0.6788299
0.7160359,0.6880054
0.7300372,0.70233077
0.7350689,0.7149698
0.7506016,0.7193837
0.75497705,0.7303659
0.7604463,0.73334736
0.7672282,0.74275917
0.78472984,0.74756694
0.7899803,0.75968224
0.7952308,0.7656582
0.8004813,0.77108
0.80223143,0.7750003
0.8042004,0.78007036
0.80748194,0.78007036
0.8077007,0.78007036
0.80813825,0.78007036
0.80813825,0.78007036
0.8039816,0.78007036
0.8011376,0.78007036
0.802669,0.7750003
0.802669,0.78007036
0.79610586,0.78007036
0.7936994,0.77108
0.7895428,0.77108
0.77401006,0.7656582
0.7735725,0.7510544
0.7665719,0.7510544
0.75191426,0.74756694
0.7374754,0.73161536
0.7331,0.7194837
0.7291621,0.7109764
0.7044411,0.70985657
0.6994093,0.683953
0.6834391,0.68052906
0.67118794,0.66474473
0.658718,0.6559315
0.63705975,0.64216477
0.63312185,0.6211449
0.62043315,0.6185561
0.5928681,0.6039506
0.5749289,0.5786086
0.5554583,0.57109976
0.54036313,0.54581136
0.52701813,0.53340054
0.5127981,0.5203237
0.4977029,0.50902605
0.47670093,0.49401993
0.45416757,0.47136378
0.44497922,0.44904312
0.42966527,0.44384938
0.42025813,0.42821765
0.394662,0.41832504
0.38437977,0.3966316
0.36950338,0.38456142
0.35572085,0.3718525
0.34018815,0.36185887
0.32553053,0.35100228
0.3204988,0.33613703
0.30452856,0.33106604
0.2944651,0.31672364
0.2767447,0.30607837
0.264056,0.28995293
0.25771165,0.27797282
0.24217896,0.27471188
0.22970903,0.2609315
0.22423977,0.24724212
0.20783198,0.24724212
0.20280026,0.22816558
0.18683001,0.22363417
0.1824546,0.2126222
0.17523518,0.20608032
0.16998468,0.19937454
0.15773354,0.19937454
0.1542332,0.18701829
0.14088821,0.18238087
0.14045067,0.17004612
0.14045067,0.17004612
0.12994969,0.17004612
0.12119886,0.15909447
0.12469919,0.15384954
0.12776197,0.15384954
0.12819952,0.15909447
0.12666813,0.15909447
0.1253555,0.15909447
0.12448042,0.15384954
0.13323124,0.15384954
0.13388756,0.161597
0.14132574,0.16564785
0.14351346,0.17004612
0.15532707,0.17004612
0.16035879,0.18701829
0.17392255,0.18701829
0.18354845,0.19937454
0.19033034,0.2112202
0.20980091,0.2126222
0.22314592,0.2332988
0.24130388,0.24956575
0.25705534,0.26530847
0.27127543,0.27989623
0.2863706,0.29301807
0.30365348,0.30726966
0.32596806,0.32358253
0.3434697,0.34657004
0.36512798,0.36388382
0.38766134,0.38134313
0.40231895,0.39686033
0.42550865,0.41189316
0.44694814,0.43286657
0.45832422,0.4578547
0.82585865,0.46624398
0.8147014,0.8022373
0.8105447,0.79078275
0.79107416,0.7876019
0.77838546,0.7656582
0.7663531,0.755975
0.7621965,0.74756694
0.7471013,0.74275917
0.73769414,0.7283586
0.72872454,0.72347707
0.7083789,0.70985657
0.7024721,0.6882138
0.6836578,0.68173194
0.6703128,0.66474473
0.66549987,0.6516135
0.6431853,0.6491925
0.62415224,0.62725335
0.61146355,0.6056321
0.5928681,0.59214044
0.5701159,0.5786086
0.55261433,0.5624515
0.5353314,0.54267853
0.5246117,0.5277588
0.5103916,0.5203237
0.4946401,0.50317067
0.47079414,0.48997796
0.44629183,0.46303296
0.4287902,0.44384938
0.41281995,0.42821765
0.40975717,0.41268167
0.3909429,0.40800086
0.3760665,0.3966316
0.36315906,0.37819672
0.33843797,0.3690442
0.32028002,0.35100228
0.31634215,0.33006144
0.2997156,0.32933313
0.28287026,0.31672364
0.27171296,0.29888338
0.25639904,0.28716928
0.25333625,0.27471188
0.23167796,0.27081737
0.22598994,0.24964857
0.22380224,0.24724212
0.21898928,0.24724212
0.18420477,0.23909344
0.16976592,0.2112202
0.18092321,0.1958041
0.16823453,0.20608032
0.15160796,0.1958041
0.14001313,0.18010505
0.13454387,0.1668647
0.12798075,0.16564785
0.12623058,0.15909447
0.11594837,0.15909447
0.11529206,0.15015045
0.11813608,0.15015045
0.110041566,0.15015045
0.110041566,0.14244664
0.11288558,0.14244664
0.117698535,0.14423043
0.10938525,0.15015045
0.103478454,0.14244664
0.102165826,0.14107719
0.10435353,0.14107719
0.11594837,0.14107719
0.116385914,0.15015045
0.13738789,0.15015045
0.15467075,0.16564785
0.15642092,0.18238087
0.1616714,0.18701829
0.17939182,0.18701829
0.19426821,0.20608032
0.20367534,0.21821159
0.21505141,0.22499655
0.2388974,0.23937355
0.24961714,0.26530847
0.26668125,0.27329668
0.28330782,0.2878727
0.3049661,0.30473217
0.31721723,0.32358253
0.34412602,0.3375132
0.36862832,0.36569536
0.39269307,0.3841514
0.41675782,0.4089305
0.42769635,0.4299331
0.4502297,0.43286657
0.47013783,0.4578547
0.4911398,0.47703826
0.5117042,0.4992153
0.5401444,0.5172381
0.54648876,0.54619116
0.56486547,0.5529269
0.59133667,0.56618047
0.6094946,0.5909653
0.62043315,0.60449713
0.6359659,0.615419
0.6512798,0.63167894
0.67621964,0.64251477
0.69350255,0.6631906
0.7083789,0.68502086
0.72063005,0.6944873
0.73856926,0.7060714
0.752133,0.72347707
0.76372784,0.73389953
0.77269745,0.74275917
0.77838546,0.7510544
0.7958871,0.755975
0.79916865,0.77108
0.8142638,0.7750003
0.8243273,0.79078275
0.82848394,0.8022373
0.8332969,0.80597353
0.8363597,0.80597353
0.8486108,0.80597353
0.848392,0.82032007
0.85933053,0.82166564
0.8536425,0.8282901
0.8553927,0.82350796
0.8597681,0.8247498
0.856049,0.8282901
0.85254866,0.82659215
0.8466419,0.82166564
0.8448917,0.82166564
0.84051627,0.81836265
0.83482826,0.81491476
0.83351564,0.80597353
0.8230147,0.80597353
0.81710786,0.8022373
0.8015751,0.7926049
0.78210455,0.78007036
0.7768541,0.75968224
0.76460296,0.7510544
0.75125796,0.74275917
0.7425071,0.7280817
0.72522426,0.7222617
0.71494204,0.706799
0.69722164,0.6968992
0.67972,0.68052906
0.6633122,0.66154176
0.6442791,0.6491925
0.63509077,0.62725335
0.6178079,0.6185561
0.5882739,0.6027093
0.5733975,0.57756054
0.5556771,0.56416714
0.53598773,0.54581136
0.5079851,0.529088
0.4917961,0.4984897
0.48107636,0.48517558
0.46182454,0.476711
0.45285496,0.4579362
0.4325093,0.44384938
0.408007,0.42821765
0.3968497,0.40800086
0.37934807,0.3966316
0.36403412,0.3833478
0.35112667,0.3690442
0.3353752,0.36185887
0.3154671,0.34357688
0.3034347,0.32933313
0.2870269,0.31672364
0.28199518,0.30142087
0.26208708,0.29888338
0.2463356,0.27797282
0.23627216,0.26392466
0.22139576,0.2609315
0.20761321,0.24116577
0.1936119,0.22816558
0.18420477,0.21758386
0.18354845,0.2112202
0.17195362,0.2112202
0.1610151,0.19937454
0.1446073,0.18701829
0.14416976,0.17537297
0.13323124,0.17537297
0.11988624,0.161597
0.11922993,0.15015045
0.118792385,0.15015045
0.10719755,0.15015045
0.10544739,0.14244664
0.09450886,0.14244664
0.09385255,0.13363516
0.09407132,0.1301142
0.09429009,0.1301142
0.099759355,0.13363516
0.10063443,0.14107719
0.101071976,0.14107719
0.10282214,0.14107719
0.10435353,0.14107719
0.11660468,0.14107719
0.11857361,0.15015045
0.12666813,0.15015045
0.13498141,0.15909447
0.15160796,0.16564785
0.16298403,0.18010505
0.17851673,0.191759
0.19142419,0.20483594
0.20411289,0.21390764
0.22380224,0.22499655
0.24502297,0.251619
0.2596806,0.26830164
0.2736819,0.28108838
0.29621527,0.29301807
0.31349814,0.31544018
0.34040692,0.33348763
0.3635966,0.36388382
0.3819733,0.38134313
0.4064756,0.39686033
0.42550865,0.42029977
0.44410414,0.43286657
0.46619996,0.45547226
0.4902647,0.47703826
0.51454824,0.4992153
0.5289871,0.52309346
0.54758257,0.53567475
0.56595933,0.5542925
0.5878364,0.56618047
0.59680593,0.58991724
0.6145264,0.5961183
0.63640344,0.6109097
0.6582805,0.63167894
0.6792824,0.6494239
0.6836578,0.6678152
0.69656533,0.6710182
0.71253556,0.6868025
0.7293809,0.69888216
0.7433822,0.7149698
0.75803983,0.72699535
0.7667906,0.74275917
0.7766353,0.74756694
0.79566836,0.7510544
0.8004813,0.77108
0.8109823,0.7750003
0.81338876,0.7876019
0.82848394,0.7876019
0.82476485,0.80597353
0.8330781,0.8022373
0.8453292,0.80597353
0.8448917,0.82032007
0.8490484,0.81836265
0.8501422,0.82166564
0.8497047,0.82166564
0.84882957,0.82166564
0.8501422,0.82166564
0.8389849,0.82166564
0.84051627,0.8099256
0.8413914,0.8135692
0.8306716,0.8135692
0.8243273,0.8073191
0.81776416,0.8022373
0.8052943,0.7926049
0.7901991,0.78007036
0.78669876,0.7656582
0.7742288,0.7638858
0.76963466,0.7510544
0.75235176,0.74756694
0.735944,0.73161536
0.72391164,0.7153903
0.7024721,0.7039843
0.6886896,0.68173194
0.67118794,0.67255646
0.66681254,0.6559315
0.642529,0.6491925
0.62349594,0.62486696
0.6011814,0.6039506
0.5838985,0.587509
0.56661564,0.57109976
0.5467075,0.55382377
0.53380007,0.5403988
0.5134544,0.52442956
0.49157733,0.50902605
0.47298184,0.48517558
0.45635527,0.46998355
0.4325093,0.44904312
0.42332095,0.42821765
0.40625682,0.41832504
0.3819733,0.40800086
0.3598775,0.38456142
0.34543863,0.3690442
0.33646905,0.35339645
0.32356158,0.34357688
0.30649748,0.33613703
0.2892146,0.31672364
0.27324438,0.30269277
0.2566178,0.28716928
0.24567929,0.27471188
0.23474076,0.26392466
0.22358346,0.25577456
0.20061256,0.24724212
0.18661125,0.22363417
0.17742288,0.2126222
0.16823453,0.20483594
0.16276526,0.1958041
0.15554583,0.191759
0.14329468,0.18701829
0.13235615,0.17004612
0.11922993,0.161597
0.11726099,0.15015045
0.10282214,0.15015045
0.1023846,0.14107719
0.096915334,0.14107719
0.09166484,0.13363516
0.08072632,0.12709004
0.08247648,0.11428929
0.08247648,0.11664668
0.077882305,0.11664668
0.07853861,0.11428929
0.0837891,0.11428929
0.08444542,0.12376857
0.077882305,0.12376857
0.08050755,0.11428929
0.0875082,0.11428929
0.099540584,0.12376857
0.10391599,0.13748294
0.109822795,0.14107719
0.12360534,0.14244664
0.13541895,0.15384954
0.14832641,0.16564785
0.16189018,0.17537297
0.17720412,0.18701829
0.19164297,0.20483594
0.2100197,0.21390764
0.21417633,0.2332988
0.23780355,0.23937355
0.2559615,0.26530847
0.27936995,0.27989623
0.29665282,0.29580173
0.32378036,0.31544018
0.3500328,0.34657004
0.36775324,0.3741578
0.39881864,0.3841514
0.41719535,0.4089305
0.43732226,0.4299331
0.46182454,0.44648173
0.4837016,0.4719415
0.5073288,0.49075073
0.5294246,0.51255715
0.54430103,0.53567475
0.5698972,0.5529269
0.5922118,0.5748082
0.6145264,0.5909653
0.6322468,0.6109097
0.6469044,0.62909013
0.6661562,0.6391552
0.67993873,0.65645164
0.69394004,0.6678152
0.71428573,0.68502086
0.7260993,0.70233077
0.74163204,0.7115385
0.75169545,0.72540087
0.75803983,0.73389953
0.7768541,0.74275917
0.79107416,0.7510544
0.8052943,0.7656582
0.80879456,0.78007036
0.8186392,0.78007036
0.8302341,0.7926049
0.84882957,0.80597353
0.848392,0.82032007
0.8486108,0.82166564
0.8501422,0.82166564
0.8634872,0.82166564
0.8667688,0.8282901
0.863706,0.8354452
0.8623933,0.8301324
0.8628309,0.8301324
0.8628309,0.8301324
0.8623933,0.8301324
0.8628309,0.8301324
0.8628309,0.8301324
0.85933053,0.8301324
0.84161013,0.8301324
0.82782763,0.8167571
0.83110917,0.80358285
0.8203894,0.80597353
0.81645155,0.7976369
0.810326,0.79078275
0.7884489,0.7876019
0.7735725,0.7638858
0.75847733,0.7510544
0.7481952,0.74275917
0.72872454,0.7280817
0.71319187,0.70985657
0.69656533,0.69345057
0.67315686,0.68052906
0.65981185,0.6559315
0.64012253,0.64216477
0.62349594,0.62381154
0.605338,0.6039506
0.57974184,0.59214044
0.5644279,0.57109976
0.5390505,0.55382377
0.52286154,0.53340054
0.49989063,0.51906997
0.4821702,0.49401993
0.4616058,0.476711
0.4399475,0.4579362
0.41894552,0.43247643
0.4073507,0.41832504
0.38547364,0.40800086
0.36512798,0.38456142
0.35506454,0.3690442
0.3329687,0.36185887
0.3176548,0.33890072
0.29993436,0.32933313
0.28330782,0.31672364
0.2730256,0.29888338
0.2609932,0.28716928
0.24961714,0.2752396
0.23014657,0.26811227
0.21548896,0.24724212
0.20236272,0.23909344
0.197331,0.22363417
0.07875738,0.22280243
0.074163206,0.11428929
0.07241304,0.11428929
0.06475607,0.11428929
0.061474513,0.10470806
0.06016189,0.10258242
0.059505578,0.10258242
0.059286807,0.10258242
0.05906804,0.10258242
0.057317875,0.10258242
0.05644279,0.10258242
0.05513017,0.10258242
0.06016189,0.09860023
0.08575804,0.10258242
0.110041566,0.12376857
0.12076132,0.14244664
0.1446073,0.15384954
0.6624371,0.17537297
0.7013782,0.65645164
0.71166044,0.6880054
0.72566175,0.6951001
0.7366003,0.7115385
0.76875955,0.7193837
0.7744476,0.74756694
0.8153577,0.7510544
0.8203894,0.79078275
0.8092321,0.7976369
0.7971997,0.78007036
0.7908554,0.7739622
0.7794793,0.7656582
0.7635091,0.755975
0.7573835,0.74275917
0.735944,0.7345373
0.72369283,0.7153903
0.7171297,0.7039843
0.69984686,0.6968992
0.6830015,0.68173194
0.6630934,0.66474473
0.6416539,0.6491925
0.62065196,0.62486696
0.6062131,0.6039506
0.5889302,0.59214044
0.5661781,0.5786086
0.54626995,0.55382377
0.525268,0.5403988
0.5092977,0.5203237
0.48457667,0.50317067
0.46948153,0.48198798
0.44126013,0.46303296
0.42594618,0.4391148
0.40778822,0.42035714
0.3915992,0.40800086
0.3767228,0.3966316
0.35572085,0.3833478
0.33931306,0.36185887
0.31721723,0.35100228
0.30102822,0.32933313
0.28374535,0.31672364
0.26580617,0.29888338
0.2500547,0.27797282
0.23824109,0.26811227
0.2181142,0.2609315
0.20017502,0.23909344
0.19383067,0.22363417
0.17764166,0.21758386
0.1632028,0.20483594
0.1498578,0.191759
0.14001313,0.18010505
0.12382411,0.1668647
0.112448044,0.15384954
0.09910304,0.14423043
0.09385255,0.13748294
0.08575804,0.1301142
0.071319185,0.12376857
0.061693285,0.11428929
0.052504923,0.10258242
0.047910742,0.09860023
0.040472545,0.09488083
0.03806607,0.09488083
0.031284183,0.09488083
0.02581492,0.09488083
0.019251805,0.09488083
0.011813607,0.09488083
0.019251805,0.09488083
0.018595492,0.09488083
0.01772041,0.09488083
0.015095165,0.09488083
0.014438854,0.09488083
0.014657624,0.09488083
0.020564428,0.09488083
0.035003282,0.09488083
0.045066725,0.09488083
0.04681689,0.09488083
0.053380005,0.09488083
0.06716254,0.09860023
0.08072632,0.10470806
0.09779042,0.11428929
0.11135419,0.13748294
0.13082476,0.14423043
0.14767009,0.15909447
0.16648436,0.17537297
0.18464231,0.191759
0.20805076,0.2126222
0.2329906,0.22952797
0.25946182,0.25402555
0.28374535,0.28108838
0.3025596,0.30473217
0.32093635,0.32358253
0.34478232,0.34047362
0.3716911,0.36569536
0.39203677,0.3841514
0.41522643,0.4089305
0.4465106,0.42498058
0.46269962,0.4578547
0.49442136,0.4719415
0.5156421,0.5040177
0.54495734,0.5261179
0.55392694,0.5529269
0.5655218,0.55816805
0.5898053,0.56618047
0.6134325,0.5909653
0.6285277,0.60928947
0.6449355,0.62353265
0.6626559,0.6368202
0.68125135,0.65645164
0.6970028,0.6678152
0.71166044,0.6868025
0.72959965,0.6951001
0.7337563,0.7149698
0.7455699,0.7193837
0.75935245,0.72699535
0.76525927,0.74275917
0.78232336,0.74275917
0.7945745,0.75968224
0.79413694,0.77108
0.8129512,0.77108
0.83110917,0.7876019
0.8175454,0.80597353
0.8389849,0.7926049
0.8383286,0.80858004
0.8365784,0.80858004
0.8352658,0.80597353
0.8346095,0.80597353
0.8339532,0.80597353
0.82914025,0.80597353
0.8313279,0.80597353
0.8219208,0.80597353
0.82017064,0.7976369
0.8190768,0.7976369
0.8057318,0.7926049
0.81645155,0.78007036
0.7952308,0.79078275
0.7716036,0.77108
0.77794796,0.7510544
0.7545395,0.755975
0.74097574,0.73334736
0.72434914,0.7222617
0.7241304,0.7039843
0.70487857,0.7039843
0.6847517,0.683953
0.6633122,0.66474473
0.65149856,0.6491925
0.63005906,0.63525563
0.61015093,0.6171764
0.58936775,0.59214044
0.57077223,0.5786086
0.5563334,0.5624515
0.5320499,0.54581136
0.5097353,0.52442956
0.5092977,0.50317067
0.47735724,0.50317067
0.45832422,0.47136378
0.44104135,0.45223868
0.41653904,0.4391148
0.38766134,0.4176342
0.37059724,0.38456142
0.35484576,0.3718525
0.33493766,0.36185887
0.32881206,0.34357688
0.3176548,0.33890072
0.28243273,0.32933313
0.27324438,0.29888338
0.26865017,0.28716928
0.23977248,0.28716928
0.22227083,0.2609315
0.21723911,0.24116577
0.2032378,0.23909344
0.18507986,0.22363417
0.1817983,0.2126222
0.16364034,0.20608032
0.14810763,0.191759
0.13345002,0.17537297
0.117479764,0.161597
0.11332312,0.15015045
0.09932181,0.14643858
0.09888427,0.13748294
0.084226646,0.13748294
0.06803763,0.12376857
0.067381315,0.1115944
0.06103697,0.10470806
0.050317217,0.10258242
0.041347627,0.09860023
0.041347627,0.09488083
0.38700503,0.09488083
0.7908554,0.39686033
0.79479325,0.7656582
0.8009188,0.77108
0.81316996,0.7750003
0.8173266,0.7876019
0.8186392,0.7926049
0.8324218,0.7926049
0.8319842,0.80597353
0.818858,0.80597353
0.82388973,0.7926049
0.83045286,0.8022373
0.82979655,0.80597353
0.823671,0.80597353
0.8138263,0.8022373
0.8179829,0.7876019
0.79916865,0.7926049
0.80441916,0.7750003
0.7923868,0.78007036
0.7751039,0.77108
0.75803983,0.7510544
0.7438197,0.74275917
0.7499453,0.7238562
0.73200613,0.7280817
0.7094728,0.7109764
0.70356596,0.6882138
0.6709691,0.683953
0.6595931,0.6559315
0.6488733,0.64216477
0.6195581,0.6326799
0.59002405,0.6027093
0.5782105,0.5786086
0.5578648,0.57109976
0.5423321,0.54581136
0.52351785,0.53458995
0.5016408,0.51906997
0.47888866,0.4975527
0.46488732,0.47136378
0.43054035,0.46221918
0.41741413,0.42821765
0.4042879,0.4176342
0.3769416,0.40406147
0.35418946,0.3833478
0.3397506,0.36185887
0.32224897,0.35100228
0.29949683,0.33428073
0.28987092,0.3085813
0.2708379,0.30269277
0.24436666,0.28716928
0.23474076,0.2609315
0.21527018,0.25577456
0.19776854,0.2364018
0.18486108,0.22280243
0.1669219,0.2126222
0.16364034,0.191759
0.1513892,0.191759
0.14570116,0.18010505
0.12010501,0.17537297
0.104791075,0.15384954
0.09932181,0.14107719
0.09560271,0.13748294
0.082914025,0.13363516
0.07875738,0.11664668
0.059286807,0.11428929
0.047910742,0.10258242
0.045723036,0.09488083
0.04244148,0.09488083
0.038941152,0.09488083
0.026690003,0.09488083
0.02603369,0.09488083
0.018376723,0.09488083
0.020783199,0.09488083
0.01290746,0.09488083
0.0170641,0.09488083
0.018376723,0.09488083
0.0087508205,0.09488083
0.013782542,0.09488083
0.021001969,0.09488083
0.02603369,0.09488083
0.02537738,0.09488083
0.02537738,0.09488083
0.03806607,0.09488083
0.049004596,0.09488083
0.066068694,0.09488083
0.08050755,0.10470806
0.09253993,0.11428929
0.10325968,0.12709004
0.116385914,0.14107719
0.12973091,0.15015045
0.15401444,0.15909447
0.1750164,0.18238087
0.19054912,0.19937454
0.21023846,0.2126222
0.23036535,0.2332988
0.2566178,0.251619
0.2739007,0.27989623
0.3034347,0.29301807
0.32137388,0.32358253
0.3456574,0.34170106
0.37081602,0.36569536
0.39947495,0.3841514
0.41719535,0.4089305
0.44038504,0.4299331
0.4659812,0.4531201
0.48632684,0.47703826
0.51389194,0.4960277
0.53226864,0.52309346
0.55261433,0.5380306
0.5657405,0.55503523
0.59527457,0.56618047
0.6162765,0.5961183
0.6346533,0.615066
0.65171736,0.62909013
0.67184424,0.64251477
0.6823452,0.6631906
0.6967841,0.6678152
0.7127543,0.6868025
0.7337563,0.69888216
0.73922557,0.7193837
0.7462262,0.72347707
0.74863267,0.72699535
0.7672282,0.7303659
0.7880114,0.74756694
0.7926056,0.7638858
0.8101072,0.77108
0.82279587,0.7876019
0.8225771,0.7986355
0.8256399,0.7976369
0.83110917,0.8022373
0.83220303,0.80597353
0.8470794,0.80597353
0.8363597,0.82032007
0.83854735,0.8073191
0.8413914,0.80858004
0.8319842,0.8135692
0.8363597,0.8073191
0.8357034,0.80597353
0.82826513,0.80597353
0.8175454,0.80597353
0.81776416,0.7926049
0.8186392,0.7926049
0.8179829,0.7926049
0.7908554,0.7926049
0.77794796,0.7656582
0.76897836,0.755975
0.752133,0.74756694
0.752133,0.73161536
0.72391164,0.73161536
0.71997374,0.7039843
0.7024721,0.70133185
0.672063,0.68173194
0.6676876,0.6559315
0.6440604,0.6491925
0.6195581,0.62725335
0.61605775,0.6027093
0.5904616,0.6027093
0.5755852,0.5786086
0.5530518,0.57109976
0.53095603,0.54581136
0.50185955,0.52442956
0.49004593,0.4975527
0.47298184,0.48325974
0.44322905,0.46998355
0.42922774,0.44146696
0.40188143,0.42821765
0.38525486,0.39959425
0.36447167,0.38456142
0.34106323,0.3690442
0.3285933,0.3515849
0.31393567,0.33890072
0.3005907,0.32662874
0.28768322,0.31672364
0.27040035,0.30142087
0.25114855,0.28716928
0.23977248,0.26811227
0.22248961,0.2609315
0.19470575,0.24116577
0.7223802,0.21758386
0.7355065,0.70872384
0.7499453,0.7193837
0.76460296,0.7303659
0.76438415,0.74275917
0.7818858,0.74275917
0.79041785,0.75968224
0.8013564,0.7656582
0.8168891,0.78007036
0.82082695,0.7926049
0.8269525,0.7976369
0.82892144,0.8022373
0.83285934,0.80597353
0.8359221,0.80597353
0.83985996,0.80597353
0.84051627,0.81077796
0.84620434,0.8135692
0.84379786,0.82032007
0.84226644,0.81836265
0.84598553,0.81491476
0.8376723,0.82166564
0.8192956,0.8099256
0.8210457,0.7926049
0.82454604,0.7976369
0.80245024,0.8022373
0.80179393,0.78007036
0.7812295,0.78007036
0.78276086,0.755975
0.76569676,0.75968224
0.7558521,0.74756694
0.7499453,0.73334736
0.7077226,0.7280817
0.71122295,0.6882138
0.6878145,0.68966854
0.6878145,0.6697083
0.65521765,0.6697083
0.6285277,0.6408204
0.6016189,0.6120643
0.58061695,0.587509
0.5764603,0.57109976
0.55830234,0.57109976
0.53358126,0.551381
0.5130168,0.52442956
0.48763946,0.50902605
0.47888866,0.48198798
0.44847953,0.47136378
0.42813388,0.44384938
0.405163,0.42035714
0.38525486,0.40406147
0.3635966,0.38456142
0.3478451,0.3690442
0.32837453,0.35339645
0.3049661,0.33890072
0.28440166,0.31672364
0.28374535,0.30142087
0.25771165,0.29888338
0.24305403,0.27471188
0.23014657,0.2609315
0.21111354,0.24724212
0.19689345,0.23447818
0.18486108,0.22280243
0.17195362,0.2126222
0.16845329,0.19937454
0.15270181,0.1958041
0.13301247,0.18010505
0.13257493,0.161597
0.12754321,0.161597
0.105884925,0.15909447
0.086851895,0.14244664
0.08357033,0.12376857
0.07853861,0.12376857
0.07241304,0.11428929
0.06475607,0.11428929
0.049660906,0.10470806
0.049660906,0.09860023
0.04616058,0.09860023
0.04331656,0.09488083
0.033034347,0.09488083
0.029096479,0.09488083
0.023627214,0.09488083
0.024064757,0.09488083
0.031284183,0.09488083
0.03325312,0.09488083
0.029315248,0.09488083
0.03434697,0.09488083
0.036753446,0.09488083
0.041347627,0.09488083
0.046598118,0.09488083
0.052942462,0.09488083
0.070006564,0.09860023
0.07066287,0.1115944
0.08575804,0.11428929
0.10019689,0.12376857
0.112666816,0.14107719
0.13301247,0.14423043
0.14548239,0.161597
0.1653905,0.17537297
0.18114199,0.191759
0.19754978,0.20608032
0.22008313,0.22343016
0.24217896,0.24481535
0.26383725,0.26530847
0.28462043,0.28382167
0.32006127,0.30726966
0.3360315,0.33946902
0.3605338,0.35495824
0.3789105,0.38134313
0.41281995,0.39564672
0.42747757,0.42498058
0.4600744,0.43286657
0.47648218,0.46624398
0.5001094,0.4854035
0.51914245,0.5080597
0.525268,0.5261179
0.5541457,0.5343911
0.57230365,0.55816805
0.5961496,0.5748082
0.6221833,0.5961183
0.6394662,0.615419
0.6438416,0.63167894
0.68147016,0.6368202
0.6810326,0.6678152
0.6950339,0.6678152
0.71231675,0.68502086
0.725443,0.6951001
0.73856926,0.7115385
0.7481952,0.72347707
0.7602275,0.7303659
0.7691971,0.74275917
0.79041785,0.74756694
0.792168,0.7656582
0.7963247,0.77108
0.8149201,0.77108
0.8153577,0.79078275
0.82017064,0.79078275
0.8332969,0.7976369
0.816014,0.80597353
0.83110917,0.79078275
0.8453292,0.80597353
0.8319842,0.82032007
0.8319842,0.8073191
0.8339532,0.80597353
0.82979655,0.80597353
0.8315467,0.80597353
0.829359,0.80597353
0.8287027,0.80597353
0.8033253,0.80597353
0.8066069,0.78007036
0.7834172,0.78007036
0.7685408,0.75968224
0.77247864,0.74756694
0.7604463,0.7510544
0.7433822,0.74275917
0.72259897,0.7238562
0.71625465,0.7039843
0.69525266,0.6968992
0.6784074,0.68052906
0.66287464,0.66154176
0.64449793,0.6491925
0.6219646,0.62725335
0.60796326,0.6039506
0.59527457,0.59214044
0.5777729,0.5837616
0.5523955,0.57109976
0.52286154,0.54267853
0.51651716,0.51906997
0.49135858,0.5120505
0.46532488,0.48517558
0.45373005,0.46221918
0.43950996,0.44904312
0.41303873,0.43247643
0.4073507,0.41268167
0.38000438,0.40800086
0.36228397,0.3833478
0.34390724,0.3690442
0.32574928,0.35339645
0.31021658,0.33613703
0.29096478,0.32349437
0.27477577,0.30607837
0.25771165,0.28995293
0.24305403,0.27471188
0.2410851,0.2609315
0.22577116,0.2609315
0.21548896,0.24724212
0.19711223,0.23909344
0.18311092,0.22280243
0.17676657,0.20608032
0.16429666,0.20483594
0.15160796,0.191759
0.74666375,0.18010505
0.7471013,0.72699535
0.7628528,0.7283586
0.75803983,0.74275917
0.78648,0.74275917
0.79916865,0.7638858
0.7936994,0.7750003
0.8147014,0.77108
0.8140451,0.79078275
0.8175454,0.7876019
0.8192956,0.7926049
0.83876616,0.7926049
0.8389849,0.80858004
0.8374535,0.80858004
0.835047,0.80858004
0.82388973,0.80597353
0.8243273,0.8022373
0.82651496,0.8022373
0.83482826,0.8022373
0.837016,0.80597353
0.8332969,0.80597353
0.8190768,0.80597353
0.8052943,0.7926049
0.8002625,0.78007036
0.796981,0.7750003
0.7722599,0.77108
0.7716036,0.7510544
0.75191426,0.7510544
0.73528767,0.73161536
0.73856926,0.7153903
0.7094728,0.7194837
0.6928462,0.6882138
0.6810326,0.67255646
0.661562,0.66154176
0.6357471,0.6491925
0.6219646,0.6211449
0.6038066,0.6039506
0.5917742,0.59214044
0.5696784,0.5786086
0.5445198,0.5624515
0.51651716,0.5403988
0.50382847,0.5120505
0.4874207,0.4984897
0.4659812,0.48198798
0.4458543,0.46303296
0.42113322,0.44384938
0.4005688,0.41832504
0.39903742,0.39959425
0.37847298,0.3966316
0.34631371,0.3833478
0.33121854,0.35339645
0.31656092,0.33890072
0.29665282,0.32933313
0.28090134,0.3085813
0.26755634,0.28995293
0.25092977,0.28716928
0.24589805,0.26811227
0.23255305,0.26392466
0.2165828,0.24964857
0.19995625,0.23909344
0.18311092,0.22363417
0.17764166,0.20608032
0.17129731,0.20483594
0.15445198,0.19937454
0.14504485,0.18238087
0.13979435,0.17537297
0.1312623,0.1668647
0.12294903,0.161597
0.10741632,0.15384954
0.09516517,0.14244664
0.09363378,0.13363516
0.09538394,0.1301142
0.086851895,0.13363516
0.07766353,0.12376857
0.071319185,0.11428929
0.06891271,0.11428929
0.06431853,0.1115944
0.07241304,0.10470806
0.06803763,0.11428929
0.06300591,0.1115944
0.061474513,0.10470806
0.061693285,0.10258242
0.06563115,0.10258242
0.071319185,0.10470806
0.075038284,0.11428929
0.07831984,0.11428929
0.084226646,0.11428929
0.09625903,0.12376857
0.101947054,0.13363516
0.109822795,0.14107719
0.12973091,0.14244664
0.14066944,0.15909447
0.15751477,0.17004612
0.17457886,0.18701829
0.19339313,0.19937454
0.20936337,0.21821159
0.21833298,0.2332988
0.24021003,0.24206519
0.26711878,0.26530847
0.2922774,0.29178557
0.3071538,0.31192723
0.31787354,0.32663584
0.34106323,0.3375132
0.37059724,0.36388382
0.3924743,0.3841514
0.41347626,0.4089305
0.44104135,0.42498058
0.45985562,0.4531201
0.48479545,0.46624398
0.5051411,0.4960277
0.52723694,0.51255715
0.53620654,0.5343911
0.5622402,0.54187864
0.58499235,0.56618047
0.58718,0.58345646
0.61146355,0.58991724
0.634872,0.60449713
0.648217,0.62909013
0.66681254,0.639939
0.6860643,0.65645164
0.6950339,0.67598176
0.69722164,0.68502086
0.7158171,0.6868025
0.7335375,0.70233077
0.73835045,0.7149698
0.7611026,0.72347707
0.7611026,0.74275917
0.7735725,0.74275917
0.78648,0.7510544
0.78669876,0.7638858
0.80223143,0.7638858
0.802669,0.78007036
0.80310655,0.78007036
0.8052943,0.78007036
0.82673377,0.78007036
0.8210457,0.8022373
0.81951433,0.7976369
0.82213956,0.7926049
0.8230147,0.7976369
0.81185734,0.8022373
0.82279587,0.7876019
0.82235837,0.7986355
0.8168891,0.7976369
0.80507547,0.7926049
0.80310655,0.78007036
0.7895428,0.78007036
0.7842923,0.7656582
0.778823,0.75968224
0.75257057,0.755975
0.7427259,0.73161536
0.73638153,0.7222617
0.73397505,0.7153903
0.70881647,0.7153903
0.6869394,0.6882138
0.6867206,0.6697083
0.67118794,0.6697083
0.64646685,0.6559315
0.6329031,0.6306499
0.6119011,0.6185561
0.59702474,0.59214044
0.5834609,0.5837616
0.55370814,0.57109976
0.5307373,0.54581136
0.50251585,0.52442956
0.4791074,0.4984897
0.46269962,0.47136378
0.44760448,0.4579362
0.42813388,0.44384938
0.40603808,0.42035714
0.3940057,0.40800086
0.37147233,0.3966316
0.35440823,0.3718525
0.34412602,0.36185887
0.32924962,0.35339645
0.3167797,0.33890072
0.29687157,0.32933313
0.2857143,0.3085813
0.27346313,0.30142087
0.25311747,0.28716928
0.24196018,0.26811227
0.22905272,0.2609315
0.12863706,0.24724212
0.12119886,0.15909447
0.11441698,0.15384954
0.108510174,0.14643858
0.10304091,0.14244664
0.09647779,0.14107719
0.09450886,0.13363516
0.099540584,0.13363516
0.43360314,0.13748294
0.47123167,0.4438549
0.49201488,0.4814736
0.51148546,0.4992153
0.5320499,0.5172381
0.6051192,0.5380306
0.6265587,0.60449713
0.6403413,0.61990976
0.65215486,0.6343456
0.66484356,0.64251477
0.67687595,0.65645164
0.7293809,0.6631906
0.7337563,0.7149698
0.74163204,0.7193837
0.7495078,0.72540087
0.7661343,0.7303659
0.7665719,0.74756694
0.78166705,0.74756694
0.78232336,0.75968224
0.7882301,0.75968224
0.7939182,0.7638858
0.8004813,0.77108
0.8079195,0.7750003
0.8101072,0.78007036
0.8173266,0.7876019
0.80748194,0.7926049
0.8059506,0.78007036
0.79938745,0.78007036
0.8085758,0.7750003
0.79807484,0.78007036
0.7884489,0.7739622
0.7888865,0.7638858
0.7803544,0.7656582
0.7799169,0.755975
0.77466637,0.755975
0.75257057,0.7510544
0.7484139,0.73161536
0.7366003,0.7280817
0.7201925,0.7153903
0.7094728,0.70133185
0.69459635,0.6882138
0.68015754,0.6787474
0.66418725,0.66154176
0.6506235,0.6491925
0.6313717,0.63525563
0.61233866,0.6185561
0.58718,0.59214044
0.5688033,0.57756054
0.5473638,0.5582984
0.5307373,0.5417644
0.516736,0.52442956
0.4924524,0.5120505
0.47757602,0.48997796
0.4622621,0.47136378
0.44147888,0.4579362
0.41369504,0.44146696
0.40406913,0.41268167
0.3782542,0.40406147
0.3598775,0.3833478
0.34697002,0.3690442
0.32990593,0.35339645
0.31393567,0.33890072
0.30037192,0.32662874
0.2892146,0.31672364
0.28002626,0.30269277
0.26777512,0.28995293
0.25574273,0.28716928
0.24917962,0.27471188
0.22533363,0.26811227
0.2143951,0.24724212
0.2084883,0.2364018
0.20126887,0.22816558
0.18092321,0.22363417
0.17545395,0.20608032
0.17020346,0.20483594
0.15817107,0.19937454
0.15226428,0.18701829
0.1498578,0.18010505
0.13301247,0.18010505
0.13235615,0.161597
0.11222927,0.161597
0.10807263,0.14423043
0.10719755,0.14244664
0.089258365,0.14244664
0.09407132,0.12709004
0.08335157,0.1301142
0.08510173,0.12376857
0.08575804,0.12376857
0.08138263,0.12376857
0.07460074,0.11428929
0.0816014,0.11428929
0.08575804,0.11428929
0.07853861,0.12376857
0.08772697,0.11428929
0.088164516,0.12709004
0.08860206,0.12709004
0.09429009,0.12709004
0.10763509,0.13363516
0.11310435,0.14244664
0.12798075,0.14423043
0.14132574,0.15909447
0.146795,0.17004612
0.15467075,0.17537297
0.17982936,0.18238087
0.19339313,0.20608032
0.20673813,0.21821159
0.21898928,0.22952797
0.24174142,0.24206519
0.2559615,0.26530847
0.2863706,0.27989623
0.29840297,0.30726966
0.31393567,0.31544018
0.32968715,0.33348763
0.35747102,0.35028207
0.37344125,0.3741578
0.39291182,0.38894352
0.41610152,0.4089305
0.43229052,0.4299331
0.44935462,0.44200662
0.47954497,0.4578547
0.49070224,0.4854035
0.50951654,0.4992153
0.5296434,0.5172381
0.5600525,0.5380306
0.5733975,0.5637377
0.5928681,0.57652384
0.59461826,0.5909653
0.6105885,0.5961183
0.6298403,0.60449713
0.63377815,0.6266898
0.6525924,0.62909013
0.66112447,0.64251477
0.6792824,0.6494239
0.698753,0.6678152
0.698753,0.6868025
0.70925397,0.6868025
0.72391164,0.6944873
0.73703784,0.70872384
0.7407569,0.7213004
0.7538832,0.72540087
0.7735725,0.73334736
0.757821,0.7510544
0.7635091,0.73751765
0.7753227,0.74275917
0.778823,0.7510544
0.7792606,0.755975
0.77860427,0.755975
0.78079194,0.755975
0.7803544,0.755975
0.7838547,0.755975
0.7799169,0.75968224
0.77247864,0.755975
0.77247864,0.7510544
0.7685408,0.7510544
0.7621965,0.74756694
0.75191426,0.74275917
0.75235176,0.73161536
0.7366003,0.73161536
0.7315686,0.7153903
0.7195362,0.7109764
0.70925397,0.70133185
0.70859766,0.6882138
0.68453294,0.6882138
0.6786261,0.66474473
0.6532487,0.66154176
0.6399037,0.63525563
0.62415224,0.6211449
0.6125574,0.6056321
0.5961496,0.59214044
0.5795231,0.5837616
0.5563334,0.57109976
0.5458324,0.54581136
0.52286154,0.5403988
0.50711006,0.51906997
0.4917961,0.4984897
0.46816888,0.48517558
0.45154232,0.46303296
0.44563553,0.44384938
0.42397726,0.44384938
0.40538177,0.42035714
0.39291182,0.40406147
0.3924743,0.3966316
0.36403412,0.3966316
0.34675127,0.3690442
0.3345001,0.35339645
0.32881206,0.34107193
0.3049661,0.33890072
0.29621527,0.31672364
0.2841829,0.3085813
0.26886895,0.30142087
0.25486764,0.28716928
0.24546051,0.27471188
0.24064755,0.26392466
0.23758477,0.2609315
0.22949027,0.2609315
0.21723911,0.24724212
0.19711223,0.23909344
0.18726756,0.22280243
0.18726756,0.2126222
0.18683001,0.2126222
0.17348501,0.2126222
0.16057755,0.19937454
0.15029535,0.18701829
0.14963903,0.18010505
0.14920148,0.18010505
0.13782541,0.17537297
0.13235615,0.16564785
0.12513673,0.161597
0.11091665,0.15384954
0.112448044,0.14244664
0.11660468,0.14423043
0.11988624,0.15015045
0.11966747,0.15015045
0.11922993,0.15015045
0.11222927,0.15015045
0.11966747,0.14423043
0.12010501,0.15015045
0.12623058,0.15384954
0.13148108,0.15909447
0.15663968,0.161597
0.16210894,0.18701829
0.18070444,0.18701829
0.19186173,0.20608032
0.20345658,0.21390764
0.4169766,0.22499655
0.48763946,0.4299331
0.51017284,0.4960277
0.52045506,0.5172381
0.5219864,0.5276483
0.5556771,0.5331374
0.5762415,0.55816805
0.57799166,0.58345646
0.6003063,0.58345646
0.6265587,0.5998657
0.6394662,0.61990976
0.65215486,0.63167894
0.6609057,0.64251477
0.6657187,0.6494239
0.6886896,0.65645164
0.6906585,0.6788299
0.70597243,0.6788299
0.71122295,0.69022644
0.7293809,0.6951001
0.73900676,0.7149698
0.73900676,0.7217331
0.7425071,0.7194837
0.75497705,0.7222617
0.7591337,0.73334736
0.77204114,0.74275917
0.770291,0.7510544
0.773135,0.74756694
0.778823,0.7510544
0.7781667,0.755975
0.7862612,0.755975
0.78669876,0.75968224
0.7792606,0.7638858
0.7742288,0.755975
0.7722599,0.7510544
0.78648,0.7510544
0.7742288,0.7638858
0.75979,0.7510544
0.75541455,0.74275917
0.75038284,0.73334736
0.7440385,0.7280817
0.7271932,0.7238562
0.7278495,0.706799
0.7247867,0.706799
0.69415885,0.7039843
0.6884708,0.6787474
0.67053163,0.67255646
0.66046816,0.6516135
0.6484358,0.64216477
0.63640344,0.6326799
0.61474514,0.6211449
0.600525,0.598553
0.58171076,0.587509
0.5600525,0.57109976
0.55086416,0.551381
0.5364253,0.54267853
0.50951654,0.529088
0.49201488,0.50317067
0.4821702,0.48517558
0.46948153,0.476711
0.44322905,0.46303296
0.43382192,0.44146696
0.4176329,0.4298496
0.4086633,0.4176342
0.391818,0.40800086
0.37147233,0.3966316
0.3493765,0.3718525
0.33143732,0.36185887
0.3294684,0.33890072
0.32378036,0.33890072
0.30912274,0.33613703
0.29030848,0.32349437
0.28833953,0.30269277
0.26602495,0.30269277
0.2566178,0.28202385
0.24589805,0.27471188
0.24436666,0.26392466
0.22752133,0.2609315
0.22270837,0.24724212
0.21680157,0.24518886
0.20214395,0.23909344
0.20170641,0.22363417
0.19011158,0.22363417
0.183986,0.2126222
0.17042223,0.2112202
0.17260993,0.19937454
0.17020346,0.19937454
0.15838985,0.19937454
0.14942026,0.18701829
0.14066944,0.18010505
0.13432509,0.17004612
0.1327937,0.16564785
0.13476263,0.161597
0.13301247,0.16564785
0.12973091,0.161597
0.12929337,0.15909447
0.13432509,0.15909447
0.14570116,0.16564785
0.13257493,0.17537297
0.14132574,0.161597
0.15117042,0.17004612
0.16145264,0.18010505
0.16079633,0.18701829
0.1675782,0.18701829
0.17851673,0.191759
0.17807919,0.20483594
0.18879895,0.20483594
0.20630059,0.2126222
0.22358346,0.22952797
0.23911616,0.251619
0.2395537,0.26530847
0.25311747,0.26530847
0.2811201,0.27329668
0.28680813,0.29580173
0.30999783,0.30726966
0.33056223,0.33035326
0.34543863,0.35028207
0.36031502,0.36569536
0.36403412,0.38134313
0.3961934,0.38134313
0.41653904,0.4089305
0.42966527,0.4299331
0.4340407,0.44200662
0.46248084,0.4438549
0.47604463,0.4719415
0.4874207,0.4854035
0.49879676,0.4960277
0.52023625,0.5073952
0.5370816,0.5276483
0.56289655,0.54187864
0.5742726,0.56618047
0.58805513,0.57652384
0.5978998,0.58991724
0.60774446,0.5998657
0.62502736,0.60449713
0.63902867,0.61990976
0.65303,0.63167894
0.65915555,0.64251477
0.6652811,0.6494239
0.6792824,0.65546596
0.6928462,0.6678152
0.69853425,0.6788299
0.70487857,0.6868025
0.70816016,0.6893846
0.72128636,0.69295335
0.73331875,0.706258
0.7317874,0.7109764
0.7335375,0.7109764
0.73397505,0.7109764
0.74535114,0.7153903
0.7457887,0.7238562
0.7567272,0.7238562
0.7582586,0.7345373
0.74972653,0.74275917
0.7495078,0.7280817
0.7431634,0.7280817
0.7407569,0.7222617
0.7442573,0.7222617
0.7455699,0.7238562
0.7401006,0.7238562
0.72828704,0.7194837
0.7094728,0.706799
0.70750386,0.6882138
0.6996281,0.6882138
0.6970028,0.68052906
0.6760009,0.68052906
0.6792824,0.6559315
0.6690002,0.66154176
0.63902867,0.6516135
0.63312185,0.6211449
0.6121199,0.6185561
0.60840076,0.59214044
0.5935244,0.59214044
0.5784292,0.5786086
0.57230365,0.57109976
0.55458325,0.5624515
0.5392693,0.54581136
0.51717347,0.53340054
0.50492233,0.5120505
0.48698315,0.4984897
0.47604463,0.48198798
0.45941806,0.47136378
0.44454166,0.45223868
0.4250711,0.44384938
0.41566396,0.42035714
0.39750603,0.4176342
0.38306716,0.3966316
0.2603369,0.38456142
0.26011813,0.2752396
0.2559615,0.2752396
0.23845986,0.27471188
0.22358346,0.2609315
0.21373878,0.24724212
0.21352002,0.2364018
0.20739444,0.2364018
0.20126887,0.22816558
0.1957996,0.22363417
0.17479764,0.21821159
0.17414133,0.19937454
0.16232772,0.19937454
0.16254649,0.18701829
0.15795231,0.191759
0.15707722,0.18701829
0.15445198,0.18701829
0.15401444,0.18238087
0.15095165,0.18238087
0.16123387,0.18010505
0.16123387,0.18701829
0.16057755,0.18701829
0.17260993,0.18701829
0.18551739,0.19937454
0.18507986,0.2126222
0.18967403,0.2126222
0.1957996,0.2126222
0.20651937,0.21821159
0.21548896,0.22952797
0.23277183,0.24206519
0.24152264,0.25402555
0.25049224,0.26530847
0.27105665,0.27329668
0.2765259,0.29301807
0.29424635,0.29580173
0.30671626,0.31192723
0.3183111,0.32663584
0.33865675,0.3375132
0.34456354,0.36238363
0.36403412,0.36569536
0.3782542,0.38134313
0.39794356,0.39564672
0.4198206,0.40756813
0.4325093,0.4294721
0.4486983,0.44200662
0.47451323,0.4578547
0.48676437,0.48398885
0.50776637,0.4960277
0.5219864,0.51255715
0.54123825,0.5331374
0.5523955,0.54711807
0.5578648,0.55503523
0.5808357,0.55816805
0.591993,0.58345646
0.60358787,0.5909653
0.6127762,0.60449713
0.62809014,0.60449713
0.6436228,0.62353265
0.6484358,0.6368202
0.6729381,0.639939
0.6735944,0.6631906
0.6862831,0.6631906
0.7024721,0.67598176
0.7044411,0.6880054
0.7180048,0.6893846
0.71756727,0.70233077
0.7217239,0.7016387
0.73397505,0.7053683
0.7468825,0.71609896
0.75103915,0.7252195
0.75300807,0.7280817
0.7425071,0.73161536
0.7425071,0.7222617
0.75935245,0.7222617
0.75935245,0.74275917
0.75869614,0.74275917
0.7506016,0.74275917
0.7490702,0.7280817
0.7471013,0.7280817
0.7440385,0.7252195
0.74972653,0.7238562
0.75103915,0.7280817
0.731131,0.7280817
0.7263181,0.7109764
0.72084886,0.706799
0.70925397,0.70133185
0.6994093,0.6882138
0.69722164,0.68052906
0.6703128,0.68052906
0.66112447,0.6516135
0.6609057,0.64216477
0.64340407,0.64216477
0.6322468,0.62725335
0.6182455,0.6185561
0.6086196,0.6027093
0.5959309,0.59214044
0.5801794,0.5837616
0.5574273,0.57109976
0.5473638,0.54581136
0.53555024,0.5417644
0.51717347,0.5277588
0.5029534,0.5120505
0.48917085,0.4984897
0.47976372,0.48325974
0.45613652,0.47136378
0.4362284,0.44904312
0.43579087,0.43247643
0.42157078,0.4334621
0.41150734,0.41832504
0.39138043,0.4098001
0.37300372,0.3966316
0.3614089,0.3766446
0.3611901,0.3690442
0.35112667,0.3690442
0.3353752,0.36185887
0.32903084,0.34357688
0.31349814,0.33890072
0.31284183,0.32662874
0.30146575,0.32349437
0.28680813,0.31672364
0.2863706,0.30142087
0.2795887,0.30142087
0.27258804,0.28995293
0.24742945,0.28783372
0.24567929,0.2689197
0.24239773,0.26392466
0.23670968,0.2609315
0.23277183,0.2609315
0.21920805,0.25121596
0.21483263,0.24070281
0.2113323,0.23801117
0.20805076,0.23447818
0.19754978,0.22816558
0.19754978,0.22343016
0.19164297,0.22343016
0.18901771,0.21390764
0.18858019,0.2126222
0.1883614,0.2126222
0.1824546,0.2126222
0.1750164,0.20608032
0.18289214,0.19937454
0.18136075,0.20608032
0.183986,0.20608032
0.18551739,0.2112202
0.19142419,0.2126222
0.19995625,0.21390764
0.20651937,0.22499655
0.20783198,0.22952797
0.21855174,0.22952797
0.21920805,0.24206519
0.224021,0.24206519
0.24021003,0.251619
0.25946182,0.26530847
0.27040035,0.28108838
0.27040035,0.29301807
0.2857143,0.29301807
0.29577774,0.30726966
0.31218553,0.31544018
0.32771823,0.33035326
0.3458762,0.35028207
0.3633778,0.36569536
0.3738788,0.38134313
0.38547364,0.38894352
0.39925617,0.39549795
0.4169766,0.40756813
0.43644717,0.42789286
0.45460513,0.44648173
0.46094945,0.46304843
0.47604463,0.4719415
0.4961715,0.4854035
0.5117042,0.5073952
0.53664404,0.5172381
0.54189456,0.54187864
0.5578648,0.54711807
0.5598337,0.55816805
0.58039814,0.5637377
0.6164953,0.58345646
0.62634,0.615066
0.64209145,0.61990976
0.6484358,0.635401
0.6543426,0.639939
0.66681254,0.64485675
0.6764384,0.65645164
0.68518925,0.6631906
0.6989718,0.6710182
0.71100414,0.6868025
0.7090352,0.69440806
0.71253556,0.69295335
0.7083789,0.6964461
0.72566175,0.68892246
0.72522426,0.706799
0.7350689,0.706799
0.7341938,0.7153903
0.7344126,0.7153903
0.7405382,0.7153903
0.7418508,0.7222617
0.74163204,0.7222617
0.7357252,0.7222617
0.7335375,0.7153903
0.73200613,0.7109764
0.7315686,0.7109764
0.7313498,0.7109764
0.7180048,0.7109764
0.72391164,0.6968992
0.70597243,0.7039843
0.6919711,0.683953
0.6735944,0.67255646
0.6613433,0.6559315
0.63509077,0.64623916
0.6399037,0.6185561
0.62940276,0.6211449
0.6151827,0.61522144
0.59396195,0.6027093
0.58936775,0.5786086
0.5744914,0.5786086
0.52023625,0.56416714
0.5051411,0.5135809
0.5029534,0.4984897
0.3590024,0.4984897
0.330781,0.36185887
0.32596806,0.33890072
0.28987092,0.33613703
0.28833953,0.30269277
0.22358346,0.30269277
0.21986437,0.24724212
0.21767665,0.23909344
0.21702035,0.23909344
0.21483263,0.23909344
0.21898928,0.2364018
0.2187705,0.23909344
0.4235397,0.23909344
0.44454166,0.4294721
0.45044848,0.4578547
0.4740757,0.4578547
0.48479545,0.48398885
0.48523298,0.4960277
0.5132356,0.4960277
0.5313936,0.52309346
0.53686285,0.5380306
0.55370814,0.54187864
0.568147,0.55816805
0.5688033,0.5706551
0.5895865,0.5706551
0.59527457,0.5909653
0.6156202,0.5961183
0.627215,0.615066
0.6311529,0.61990976
0.64734197,0.62706137
0.64712316,0.6391552
0.6525924,0.63790905
0.66725004,0.6415291
0.6816889,0.65546596
0.6823452,0.6678152
0.6897834,0.6678152
0.70597243,0.677296
0.70597243,0.6886925
0.7061912,0.6886925
0.7182236,0.68892246
0.71997374,0.6976078
0.7324437,0.70133185
0.7322249,0.7109764
0.7285058,0.7109764
0.72806823,0.706799
0.73397505,0.706799
0.7398819,0.7153903
0.7278495,0.7194837
0.7300372,0.706799
0.7274119,0.7109764
0.725443,0.706799
0.7195362,0.706799
0.71997374,0.70133185
0.7171297,0.70133185
0.69328374,0.6968992
0.69262743,0.67255646
0.68715817,0.67255646
0.68147016,0.6697083
0.6786261,0.66154176
0.6729381,0.66154176
0.6519361,0.6559315
0.64777946,0.63525563
0.6469044,0.6306499
0.6302778,0.6306499
0.62130827,0.6185561
0.60205644,0.6039506
0.59243053,0.587509
0.5790855,0.5786086
0.56770945,0.57109976
0.55436444,0.5582984
0.5445198,0.54581136
0.5263618,0.5411074
0.5132356,0.5203237
0.5110479,0.50902605
0.4896084,0.50317067
0.48938963,0.48325974
0.4769197,0.4841016
0.45898053,0.47220564
0.45307374,0.45223868
0.44716692,0.44483507
0.44147888,0.44483507
0.4226646,0.4457276
0.41391382,0.4192134
0.39663094,0.41268167
0.3902866,0.3966316
0.38634872,0.3966316
0.37059724,0.38456142
0.36884707,0.3718525
0.35331437,0.3718525
0.34915772,0.36185887
0.33712536,0.36185887
0.32443666,0.3470362
0.32837453,0.33613703
0.31721723,0.34210196
0.3152483,0.33065438
0.2997156,0.33065438
0.301247,0.31773368
0.29030848,0.31773368
0.2765259,0.3033572
0.27871364,0.29061738
0.28199518,0.2914248
0.27936995,0.30035526
0.2603369,0.2914248
0.2603369,0.27671146
0.25443012,0.27671146
0.24152264,0.27708665
0.25114855,0.2624989
0.25114855,0.27125645
0.25180486,0.27125645
0.24502297,0.27125645
0.23255305,0.2662614
0.23408444,0.2519853
0.2485233,0.26015154
0.24808575,0.27329668
0.24764822,0.27329668
0.25092977,0.27329668
0.25399256,0.27329668
0.2590243,0.27600172
0.26230586,0.28108838
0.26296216,0.28382167
0.26952526,0.28382167
0.27543208,0.29301807
0.28768322,0.29580173
0.2872457,0.30726966
0.29884052,0.30726966
0.31240427,0.31544018
0.32706192,0.33035326
0.34828267,0.35028207
0.35243928,0.3699884
0.35812733,0.3741578
0.3614089,0.3727954
0.38022316,0.3793029
0.39138043,0.39360648
0.41194487,0.40689027
0.41807044,0.422171
0.42178956,0.42555615
0.43972874,0.42713538
0.4524174,0.4456743
0.45416757,0.45704725
0.47648218,0.46157655
0.49070224,0.48473907
0.5020783,0.49855086
0.51914245,0.5115471
0.5340188,0.52058524
0.54036313,0.53381926
0.5574273,0.5443253
0.5637716,0.55816805
0.5784292,0.56618047
0.5784292,0.58345646
0.5961496,0.58345646
0.60665065,0.5961183
0.6239335,0.60449713
0.62305844,0.6161662
0.62349594,0.6124559
0.64143515,0.61120975
0.6436228,0.6321261
0.6609057,0.6335268
0.6661562,0.6484382
0.67687595,0.65546596
0.6784074,0.6622049
0.69328374,0.66697335
0.6917524,0.677296
0.69328374,0.677296
0.7068475,0.677296
0.71122295,0.6912094
0.7002844,0.6926641
0.7153796,0.68173194
0.7190987,0.6968992
0.7153796,0.70133185
0.7134106,0.6968992
0.7180048,0.6968992
0.7317874,0.6968992
0.7267556,0.7109764
0.7285058,0.706799
0.71997374,0.706799
0.7055349,0.70133185
0.7094728,0.683953
0.6963465,0.6882138
0.69831544,0.68052906
0.69853425,0.68052906
0.698753,0.68052906
0.6624371,0.68052906
0.674907,0.6491925
0.6659374,0.6559315
0.6462481,0.6491925
0.6333406,0.6306499
0.618683,0.6185561
0.60840076,0.6027093
0.608182,0.59214044
0.49682784,0.59214044
0.48304528,0.49401993
0.4458543,0.476711
0.44016626,0.44384938
0.42747757,0.43247643
0.42157078,0.42035714
0.40319404,0.41832504
0.39334938,0.40406147
0.39334938,0.3966316
0.38109824,0.3966316
0.33843797,0.38456142
0.391818,0.35100228
0.39881864,0.3966316
0.41588274,0.3966316
0.41960183,0.4176342
0.42682126,0.4192134
0.44038504,0.4231114
0.45219865,0.4506382
0.47166923,0.45537278
0.48479545,0.48000172
0.4904835,0.4960277
0.50711006,0.49754083
0.5184861,0.5102258
0.52264273,0.52058524
0.5283308,0.5276047
0.53620654,0.5292245
0.5644279,0.5400128
0.57602274,0.56618047
0.58630496,0.58345646
0.58630496,0.58991724
0.5911179,0.58991724
0.5961496,0.5909653
0.6062131,0.5942956
0.6219646,0.6026745
0.621527,0.61448467
0.62568367,0.6124559
0.6392474,0.61471486
0.65040475,0.62741834
0.65084225,0.6389533
0.65149856,0.6415291
0.66353095,0.6415291
0.66725004,0.65546596
0.66856265,0.6546241
0.67250055,0.65393203
0.67381316,0.660671
0.67775106,0.660671
0.6786261,0.665427
0.6784074,0.66154176
0.6897834,0.66154176
0.685408,0.67255646
0.68059504,0.6697083
0.6803763,0.66154176
0.68015754,0.66154176
0.6803763,0.66154176
0.6696565,0.66154176
0.66943777,0.6516135
0.67250055,0.6516135
0.6580617,0.6559315
0.65784293,0.64216477
0.6462481,0.64216477
0.6399037,0.6306499
0.6333406,0.6211449
0.6366222,0.6185561
0.6254649,0.6211449
0.61912054,0.6084414
0.61146355,0.6027093
0.6055568,0.59214044
0.59243053,0.59214044
0.5738351,0.5786086
0.5718661,0.5648758
0.55895865,0.56544703
0.5541457,0.55526626
0.53620654,0.5496966
0.53620654,0.5323956
0.5311748,0.5323956
0.51454824,0.5259766
0.4992343,0.5097181
0.4977029,0.49486178
0.49092102,0.49486178
0.47385693,0.48601744
0.4616058,0.47096923
0.45701158,0.45892188
0.44935462,0.45447057
0.4421352,0.44608128
0.42791513,0.44369885
0.41872674,0.42124552
0.4049442,0.4192134
0.39488077,0.40406147
0.39706847,0.3966316
0.39356816,0.3966316
0.37584773,0.3966316
0.37366003,0.37819672
0.35747102,0.3766446
0.35703346,0.36185887
0.35637715,0.36185887
0.34259462,0.36277643
0.33340627,0.3534508
0.32465544,0.34210196
0.31043535,0.33838993
0.31262305,0.32349437
0.3043098,0.3245044
0.30365348,0.31773368
0.29709035,0.31773368
0.28462043,0.30959132
0.28462043,0.30142087
0.28396413,0.3020853
0.28527674,0.30289274
0.2848392,0.30289274
0.27696347,0.30289274
0.26843143,0.2914248
0.26580617,0.28864115
0.26755634,0.2794447
0.26865017,0.2902085
0.2655874,0.29097784
0.2603369,0.28178144
0.26230586,0.27904814
0.26536864,0.28178144
0.26646248,0.28178144
0.2714942,0.28583246
0.27849486,0.2916557
0.27871364,0.29443935
0.2758696,0.29443935
0.27630717,0.29443935
0.28155765,0.29443935
0.28440166,0.30000773
0.30146575,0.30726966
0.3019033,0.32222015
0.3062787,0.32222015
0.30890396,0.32222015
0.32553053,0.32831302
0.33471888,0.3445298
0.33843797,0.352918
0.34893897,0.3603434
0.35484576,0.36794817
0.37650403,0.37211755
0.38219208,0.38768604
0.39050537,0.39405075
0.405163,0.40455356
0.4093196,0.41198343
0.42091447,0.41592282
0.42682126,0.42713538
0.4473857,0.42916748
0.45263618,0.45704725
0.45832422,0.4563828
0.4749508,0.4647721
0.48479545,0.48251697
0.49420258,0.49435323
0.5003282,0.49876904
0.5184861,0.50281084
0.5313936,0.52058524
0.53358126,0.5329017
0.5377379,0.5329017
0.5410195,0.5443253
0.55523956,0.5443253
0.57164735,0.55816805
0.5904616,0.5748082
0.59024286,0.5909653
0.59089917,0.5909653
0.60205644,0.5891426
0.61233866,0.59601426
0.6182455,0.6006457
0.63071537,0.6112146
0.6355283,0.6258152
0.64121634,0.6258152
0.6486546,0.6311404
0.6525924,0.6389533
0.6528112,0.6415291
0.6589368,0.6415291
0.6646248,0.64759636
0.666375,0.6546241
0.66878146,0.65393203
0.6742507,0.656353
0.66506237,0.65981674
0.67556334,0.65218806
0.6735944,0.6566401
0.674907,0.6559315
0.6764384,0.6559315
0.6757821,0.6559315
0.6735944,0.6559315
0.6556552,0.6559315
0.6563115,0.6408204
0.6571866,0.6408204
0.6569678,0.64216477
0.6519361,0.64216477
0.6569678,0.63525563
0.6469044,0.64216477
0.634872,0.6306499
0.6333406,0.6185561
0.6265587,0.6185561
0.62043315,0.6084414
0.5898053,0.6039506
0.58105445,0.5786086
0.5808357,0.57109976
0.5622402,0.57109976
0.5615839,0.55382377
0.5591774,0.5545324
0.5427696,0.55526626
0.528112,0.5377291
0.5274557,0.52160734
0.52089256,0.5203237
0.51914245,0.51511484
0.4970466,0.51358443
0.48632684,0.49486178
0.4977029,0.48282984
0.48588932,0.49486178
0.47298184,0.48381552
0.45941806,0.47096923
0.44257274,0.4564993
0.4353533,0.4457276
0.42835265,0.43673706
0.42332095,0.4314926
0.41610152,0.4192134
0.4036316,0.4176342
0.40166265,0.40406147
0.4005688,0.39959425
0.3887552,0.39959425
0.3902866,0.38874924
0.37803543,0.3966316
0.3775979,0.3833478
0.37212864,0.3833478
0.36622185,0.3766446
0.35812733,0.36996177
0.3434697,0.36372477
0.33121854,0.3534508
0.3323124,0.33984905
0.32771823,0.34342322
0.32618684,0.34342322
0.32662436,0.34072122
0.3226865,0.34443325
0.32093635,0.33886492
0.33209363,0.3346248
0.32662436,0.34443325
0.3242179,0.3450977
0.33909428,0.3421931
0.32290527,0.3580067
0.33340627,0.3403368
0.33778167,0.34590513
0.3450011,0.35404062
0.34828267,0.3613184
0.35593963,0.36561146
0.35243928,0.36978084
0.35572085,0.36978084
0.3633778,0.36978084
0.36753446,0.37696618
0.37125355,0.37977445
0.38853642,0.37977445
0.3999125,0.3966712
0.40319404,0.40374613
0.41041347,0.411176
0.4178517,0.4162502
0.42857143,0.42474872
0.4390724,0.4397654
0.44497922,0.44500986
0.45788667,0.4563828
0.47320062,0.4647721
0.47823232,0.48150694
0.4806388,0.48240778
0.48567054,0.4855021
0.50951654,0.49077907
0.5134544,0.5117054
0.5320499,0.5166432
0.5327062,0.5329017
0.54123825,0.5329017
0.5482389,0.5462005
0.5698972,0.55503523
0.5696784,0.5748082
0.5733975,0.5748082
0.57471013,0.57652384
0.578648,0.58345646
0.59899366,0.58345646
0.6046817,0.59601426
0.61999565,0.6006457
0.6245898,0.61120975
0.62480855,0.61289126
0.62809014,0.61471486
0.63399696,0.61833775
0.6549989,0.62482953
0.66046816,0.64709383
0.6661562,0.6484382
0.65478015,0.65546596
0.666375,0.646252
0.6683439,0.65393203
0.66878146,0.65393203
0.6729381,0.656353
0.67775106,0.660671
0.6792824,0.665427
0.6792824,0.66154176
0.68015754,0.66154176
0.68015754,0.66154176
0.68956465,0.66154176
0.68497044,0.67255646
0.68956465,0.66474473
0.68518925,0.67255646
0.6740319,0.66474473
0.6742507,0.6559315
0.6722818,0.6559315
0.6690002,0.6559315
0.66878146,0.6516135
0.65915555,0.6516135
0.6484358,0.64216477
0.6493109,0.6326799
0.64121634,0.6326799
0.64077884,0.62486696
0.6195581,0.62381154
0.6208707,0.6027093
0.62130827,0.6039506
0.61671406,0.6039506
0.6042442,0.6027093
0.5978998,0.59214044
0.5895865,0.5882176
0.5878364,0.5793172
0.57689786,0.5805561
0.56705314,0.5740953
0.56464666,0.5585633
0.5510829,0.5585633
0.54036313,0.54741806
0.52417415,0.5367081
0.522424,0.52101576
0.51148546,0.5206039
0.4970466,0.5047046
0.49682784,0.49486178
0.48938963,0.49486178
0.48567054,0.4841016
0.47145045,0.48282984
0.47123167,0.46845397
0.45832422,0.46845397
0.43579087,0.4564993
0.4355721,0.43673706
0.43360314,0.43855977
0.43229052,0.43593293
0.4309779,0.4333153
0.42397726,0.4333153
0.4014439,0.42124552
0.39969373,0.39959425
0.39356816,0.3966316
0.38066068,0.3966316
0.38066068,0.3833478
0.38000438,0.3833478
0.35790855,0.3833478
0.35397068,0.36185887
0.3480639,0.36185887
0.34697002,0.3576895
0.35418946,0.35526234
0.3500328,0.36597767
0.33865675,0.36729893
0.33253118,0.3565348
0.3285933,0.34443325
0.32443666,0.34443325
0.32312405,0.34072122
0.32028002,0.33952937
0.32356158,0.33428463
0.3220302,0.34138566
0.32028002,0.33814982
0.31787354,0.33428463
0.31393567,0.3331363
0.30759135,0.32911065
0.30956027,0.32225892
0.31087288,0.32597628
0.32093635,0.32597628
0.317436,0.33609667
0.31021658,0.3331363
0.3084664,0.32597628
0.30890396,0.32225892
0.3211551,0.32597628
0.32137388,0.3373241
0.33625028,0.3373241
0.33646905,0.3505813
0.33471888,0.3505813
0.34697002,0.3505813
0.3633778,0.3613184
0.35375193,0.37696618
0.36315906,0.36978084
0.36534676,0.37696618
0.38262963,0.37696618
0.38306716,0.39248338
0.39072412,0.39248338
0.4093196,0.40455356
0.41369504,0.41592282
0.42091447,0.4197962
0.42769635,0.4256635
0.44913587,0.42836004
0.44935462,0.4563828
0.4511048,0.4563828
0.46685627,0.4563828
0.47866988,0.4755664
0.48785824,0.48372903
0.48938963,0.49077907
0.49223363,0.4911025
0.50623494,0.49301833
0.5206738,0.5061069
0.52023625,0.5211981
0.5333625,0.5211981
0.54255086,0.5329017
0.5523955,0.5462005
0.5574273,0.55503523
0.5705535,0.55816805
0.5834609,0.5748082
0.5790855,0.58345646
0.5878364,0.58345646
0.5858674,0.5880946
0.60402536,0.5880946
0.6175892,0.6006457
0.62371475,0.6099684
0.61299497,0.61289126
0.6169328,0.6041919
0.62874645,0.60898274
0.63377815,0.61833775
0.6353096,0.62482953
0.63880986,0.62482953
0.6403413,0.62741834
0.6462481,0.62924314
0.6486546,0.63538945
0.6506235,0.6374194
0.6499672,0.6406872
0.6460293,0.6374194
0.64515424,0.63538945
0.6447167,0.6311386
0.6442791,0.6311386
0.6438416,0.6311386
0.64340407,0.6302489
0.6442791,0.627962
0.639685,0.627962
0.6372785,0.6211449
0.64209145,0.62185353
0.632028,0.6255756
0.63180923,0.6192647
0.6302778,0.62069666
0.6239335,0.62155163
0.6127762,0.6086277
0.60402536,0.595136
0.60358787,0.595136
0.6016189,0.595136
0.59461826,0.59139425
0.58805513,0.5867571
0.5845548,0.58230007
0.56770945,0.5758393
0.5657405,0.56303793
0.56486547,0.5585633
0.5622402,0.55925536
0.5593962,0.55925536
0.54692626,0.5568126
0.5333625,0.54508424
0.52351785,0.52681845
0.51892364,0.5206039
0.5047036,0.51358443
0.5040473,0.50002366
0.49945307,0.50002366
0.48523298,0.49486178
0.4815139,0.48282984
0.47079414,0.47853854
0.47079414,0.46401864
0.45744914,0.46526486
0.45723036,0.4564993
0.44694814,0.4564993
0.4406038,0.44993272
0.35047036,0.44519815
0.34478232,0.36185887
0.34259462,0.35339645
0.33471888,0.3515849
0.33187488,0.34357688
0.3176548,0.33890072
0.3152483,0.32933313
0.30956027,0.32933313
0.3043098,0.32349437
0.30387223,0.31672364
0.30365348,0.31839812
0.29949683,0.31839812
0.29884052,0.31025577
0.29862174,0.3110632
0.29927805,0.3110632
0.29752788,0.3110632
0.29271495,0.3110632
0.29183987,0.30755025
0.2944651,0.30755025
0.2997156,0.30755025
0.3005907,0.31920555
0.30387223,0.32077295
0.30452856,0.32077295
0.3093415,0.32077295
0.31131044,0.32754368
0.31327936,0.32754368
0.3211551,0.3314474
0.327937,0.33966082
0.32881206,0.34824184
0.33865675,0.3474725
0.3428134,0.35957405
0.3500328,0.35950688
0.35265806,0.36978084
0.37256616,0.36978084
0.37300372,0.38456658
0.38066068,0.38456658
0.38766134,0.39126977
0.39356816,0.39248338
0.40122512,0.40455356
0.40888208,0.4075162
0.42594618,0.4151154
0.44038504,0.42836004
0.4406038,0.45231268
0.4517611,0.45164824
0.46401227,0.4563828
0.4762634,0.4747526
0.48195145,0.48372903
0.4977029,0.48907626
0.50185955,0.50281084
0.5092977,0.50634366
0.52154887,0.51078784
0.535769,0.52668715
0.5397068,0.5379749
0.55152047,0.5443253
0.5615839,0.55503523
0.5637716,0.56618047
0.57536644,0.56618047
0.58171076,0.58345646
0.5854299,0.58345646
0.5935244,0.58991724
0.5994312,0.5891426
0.6156202,0.59601426
0.61977684,0.6099684
0.62108946,0.61120975
0.6232772,0.61022407
0.62437105,0.61022407
0.6403413,0.6119056
0.63684094,0.630085
0.6409976,0.62741834
0.6549989,0.630085
0.65478015,0.64709383
0.6506235,0.6455599
0.6493109,0.63999516
0.65412384,0.6374194
0.65346754,0.64233714
0.655874,0.63999516
0.65784293,0.64381593
0.65390503,0.64605004
0.6556552,0.6405932
0.65674907,0.6408204
0.6565303,0.64216477
0.655874,0.6408204
0.64952964,0.641529
0.6442791,0.6326799
0.642529,0.62725335
0.6283089,0.62486696
0.62415224,0.6120643
0.6269963,0.6056321
0.6182455,0.6084414
0.61999565,0.6027093
0.6125574,0.6039506
0.6121199,0.59214044
0.6009626,0.5928491
0.5959309,0.5905045
0.58805513,0.5867571
0.58061695,0.58230007
0.5740538,0.5758393
0.5593962,0.56890666
0.55961496,0.5561205
0.5488952,0.5561205
0.53620654,0.5481101
0.5305185,0.5330877
0.5263618,0.52681845
0.5110479,0.5218576
0.509079,0.5047046
0.50579745,0.5047046
0.4955152,0.50002366
0.4799825,0.4918055
0.46904397,0.47853854
0.46838766,0.46401864
0.46204332,0.46526486
0.45526144,0.4601681
0.44826078,0.45330375
0.434697,0.44993272
0.42485234,0.43855977
0.4228834,0.42124552
0.41085103,0.4192134
0.40472543,0.4098001
0.3968497,0.40406147
0.3789105,0.3966316
0.3740976,0.3833478
0.37212864,0.37819672
0.36097133,0.3766446
0.35550207,0.3690442
0.3397506,0.36185887
0.33996937,0.35100228
0.3351564,0.35100228
0.33143732,0.34452522
0.31437322,0.34210196
0.31437322,0.3316644
0.30956027,0.3316644
0.2990593,0.3245044
0.29884052,0.30959132
0.30015314,0.30959132
0.2914023,0.31839812
0.28658935,0.30674282
0.28440166,0.30289274
0.28440166,0.30289274
0.27783856,0.30289274
0.2752133,0.2914248
0.274557,0.2914248
0.27215052,0.29299214
0.26865017,0.2902085
0.27061912,0.2902085
0.2752133,0.29097784
0.27127543,0.2937615
0.27346313,0.29097784
0.27477577,0.29097784
0.27477577,0.2937615
0.27477577,0.2937615
0.27915117,0.2937615
0.28046378,0.29443935
0.29534018,0.29443935
0.29577774,0.31056485
0.2959965,0.31339994
0.3021221,0.3140778
0.31043535,0.32222015
0.3176548,0.32831302
0.32356158,0.33547297
0.32968715,0.3445298
0.34084445,0.34824184
0.34478232,0.3618436
0.35243928,0.36365512
0.36031502,0.3713482
0.37956685,0.37853354
0.38328594,0.39283714
0.39006782,0.39248338
0.40166265,0.40455356
0.41238242,0.4075162
0.42244586,0.42060363
0.4226646,0.42632794
0.4421352,0.42632794
0.45416757,0.45466483
0.45876175,0.46157655
0.47341937,0.4647721
0.49092102,0.48251697
0.49070224,0.49754083
0.49092102,0.49396667
0.5079851,0.49301833
0.5217677,0.5061069
0.53598773,0.52668715
0.53992563,0.5400128
0.5416758,0.5443253
0.5591774,0.5462005
0.5683658,0.5637377
0.5742726,0.5706551
0.5650842,0.57652384
0.64777946,0.56618047
0.6418727,0.6391552
0.6366222,0.635401
0.6346533,0.6296502
0.6224021,0.6258152
0.6228396,0.61120975
0.61737037,0.61120975
0.6105885,0.60898274
0.525268,0.5984139
0.5200175,0.5218576
0.4977029,0.5135809
0.49748415,0.49401993
0.46029314,0.49401993
0.46051192,0.45223868
0.45066726,0.45223868
0.44082257,0.44384938
0.43447822,0.4391148
0.42375848,0.4298496
0.40341282,0.42035714
0.40560052,0.40406147
0.3902866,0.40406147
0.37956685,0.3966316
0.3745351,0.3833478
0.36075258,0.37819672
0.35703346,0.3690442
0.35550207,0.36185887
0.34390724,0.36185887
0.32618684,0.35339645
0.33143732,0.33613703
0.3154671,0.33984905
0.31568584,0.33065438
0.3056224,0.3316644
0.2811201,0.31773368
0.290746,0.28995293
0.27871364,0.30607837
0.27915117,0.28995293
0.26974404,0.29061738
0.25443012,0.28864115
0.2588055,0.2755193
0.24261649,0.27671146
0.24327281,0.2609315
0.24414788,0.2609315
0.24458542,0.26326823
0.23408444,0.26326823
0.23233429,0.2581113
0.23167796,0.2519853
0.23102166,0.25266317
0.2314592,0.25402555
0.23102166,0.25402555
0.22008313,0.25402555
0.2203019,0.24481535
0.22577116,0.24481535
0.22817764,0.251619
0.22839642,0.251619
0.22839642,0.251619
0.2329906,0.251619
0.23977248,0.25402555
0.24283527,0.26530847
0.24677314,0.26530847
0.264056,0.26830164
0.26427478,0.28382167
0.26449355,0.28382167
0.26493108,0.28382167
0.290746,0.28382167
0.29949683,0.31192723
0.29993436,0.31544018
0.31349814,0.32358253
0.32684314,0.33348763
0.34303215,0.35028207
0.3471888,0.36252144
0.3465325,0.36433297
0.3670969,0.36433297
0.38984904,0.37998074
0.40035003,0.40689027
0.4042879,0.40908358
0.4182892,0.4135508
0.43294683,0.42555615
0.4489171,0.4438549
0.46051192,0.45704725
0.4664187,0.46543655
0.47298184,0.47623083
0.48042005,0.48251697
0.5001094,0.48907626
0.5136732,0.50506383
0.5276745,0.5185091
0.5392693,0.53014207
0.54933274,0.5443253
0.5587399,0.55503523
0.5705535,0.5637377
0.58564866,0.5748082
0.59964997,0.58991724
0.5992124,0.5998657
0.59899366,0.5998657
0.62130827,0.5998657
0.63705975,0.61448467
0.6392474,0.6296502
0.63618463,0.628404
0.6359659,0.628404
0.64646685,0.62741834
0.65674907,0.6369234
0.6727193,0.6484382
0.66287464,0.6622049
0.6690002,0.65546596
0.67053163,0.656353
0.6886896,0.65549874
0.67884487,0.6764417
0.6742507,0.665427
0.67315686,0.65981674
0.6753446,0.6566401
0.68278277,0.6559315
0.6862831,0.66474473
0.67118794,0.6697083
0.6770947,0.6559315
0.674907,0.6559315
0.67250055,0.6559315
0.67250055,0.6559315
0.6757821,0.6559315
0.66374975,0.6559315
0.6460293,0.6491925
0.65171736,0.6306499
0.62874645,0.63525563
0.62940276,0.6120643
0.6285277,0.61522144
0.6254649,0.6120643
0.62502736,0.6084414
0.60140014,0.6084414
0.60140014,0.587509
0.5961496,0.587509
0.58127326,0.5844702
0.5714286,0.57109976
0.56027126,0.567191
0.5598337,0.5585633
0.5434259,0.5561205
0.5313936,0.54439217
0.5219864,0.5252845
0.51586086,0.51976204
0.5123605,0.5127426
0.49288997,0.5047046
0.4924524,0.4908198
0.48588932,0.4908198
0.45963684,0.48282984
0.45482388,0.45223868
0.4362284,0.4500288
0.42550865,0.43470833
0.42332095,0.42035714
0.41610152,0.4192134
0.40231895,0.4176342
0.3915992,0.39959425
0.3865675,0.3966316
0.37015972,0.38456142
0.36469045,0.3718525
0.3434697,0.3690442
0.34368846,0.3515849
0.32771823,0.3515849
0.32618684,0.33890072
0.30737257,0.33613703
0.2914023,0.319777
0.2916211,0.30607837
0.28812075,0.30607837
0.26865017,0.30142087
0.26427478,0.28716928
0.2522424,0.27863726
0.24721068,0.26811227
0.2469919,0.26392466
0.23627216,0.26392466
0.23430322,0.2609315
0.2314592,0.2581113
0.22642748,0.2519853
0.21920805,0.24957877
0.20805076,0.24070281
0.21461387,0.22816558
0.21023846,0.23937355
0.21461387,0.2332988
0.21680157,0.23937355
0.21527018,0.24206519
0.2143951,0.23937355
0.21395756,0.23937355
0.2143951,0.23937355
0.22489609,0.23937355
0.22467731,0.251619
0.2292715,0.251619
0.2308029,0.251619
0.23474076,0.25402555
0.2463356,0.26015154
0.2588055,0.26830164
0.26077443,0.28108838
0.27499452,0.28108838
0.28024504,0.29580173
0.28352657,0.29580173
0.28396413,0.30473217
0.28987092,0.30726966
0.31721723,0.30854163
0.327937,0.3375132
0.34062567,0.35028207
0.3515642,0.36388382
0.36075258,0.3741578
0.37869176,0.3793029
0.39816234,0.39360648
0.39838108,0.40689027
0.421352,0.40689027
0.44279152,0.4294721
0.4489171,0.45547226
0.4443229,0.4578547
0.4664187,0.45466483
0.5001094,0.47623083
0.49135858,0.5073952
0.4799825,0.49855086
0.4806388,0.487755
0.45963684,0.487755
0.44694814,0.45832202
0.43491578,0.44993272
0.37869176,0.43855977
0.36862832,0.3833478
0.3515642,0.3718525
0.33887553,0.36185887
0.3294684,0.35100228
0.32749945,0.33890072
0.31327936,0.33890072
0.30080944,0.32662874
0.28877708,0.31672364
0.27849486,0.30269277
0.27477577,0.28995293
0.2559615,0.28995293
0.2559615,0.27471188
0.2448042,0.2755193
0.2329906,0.26392466
0.23277183,0.24964857
0.21614526,0.24964857
0.20126887,0.23993345
0.20126887,0.22363417
0.20148765,0.22363417
0.19295558,0.22363417
0.18901771,0.21390764
0.16560927,0.2126222
0.1669219,0.191759
0.17020346,0.191759
0.16604681,0.19937454
0.1653905,0.191759
0.16779698,0.191759
0.16342157,0.1958041
0.17239116,0.191759
0.17567272,0.19937454
0.1675782,0.20483594
0.17260993,0.191759
0.18442354,0.19937454
0.18420477,0.2112202
0.18486108,0.2112202
0.19951871,0.2126222
0.19426821,0.22499655
0.20126887,0.21821159
0.20739444,0.22499655
0.22598994,0.22952797
0.21680157,0.251619
0.23670968,0.24206519
0.25486764,0.26530847
0.27193174,0.27989623
0.28877708,0.29301807
0.29468387,0.30854163
0.301247,0.31192723
0.30452856,0.32358253
0.33428133,0.32358253
0.34828267,0.35028207
0.3627215,0.3699884
0.3747539,0.38134313
0.39269307,0.39049563
0.4178517,0.40756813
0.43863487,0.42789286
0.43819734,0.44648173
0.4532925,0.44648173
0.47210675,0.4578547
0.49004593,0.4814736
0.5082039,0.49729946
0.52264273,0.51255715
0.53358126,0.5331374
0.54758257,0.53702056
0.56355286,0.5542925
0.5825859,0.56618047
0.5832422,0.58345646
0.6051192,0.58345646
0.6261212,0.60449713
0.62634,0.61990976
0.6309342,0.61990976
0.65915555,0.62909013
0.672063,0.6494239
0.67687595,0.6631906
0.67775106,0.6622049
0.69350255,0.6678152
0.69919056,0.68502086
0.7013782,0.68596065
0.70925397,0.68647146
0.71166044,0.69295335
0.7184424,0.69440806
0.7331,0.70133185
0.7335375,0.7109764
0.7357252,0.7109764
0.7337563,0.7153903
0.7490702,0.7153903
0.7488515,0.7280817
0.73769414,0.7280817
0.73725665,0.7194837
0.7374754,0.7194837
0.7355065,0.7194837
0.7293809,0.7153903
0.7274119,0.7109764
0.72806823,0.706799
0.7274119,0.706799
0.71428573,0.706799
0.70859766,0.6968992
0.6961278,0.6882138
0.69262743,0.68052906
0.6803763,0.67255646
0.6810326,0.66154176
0.66790634,0.66154176
0.661562,0.6491925
0.6532487,0.6491925
0.62940276,0.63525563
0.62743384,0.61522144
0.6156202,0.6084414
0.59964997,0.6027093
0.58411723,0.587509
0.5742726,0.57109976
0.5569897,0.56416714
0.55064535,0.54581136
0.5388318,0.54267853
0.51520455,0.53340054
0.5044848,0.50902605
0.48501423,0.4984897
0.47079414,0.48198798
0.45985562,0.46303296
0.4467294,0.45223868
0.42747757,0.44384938
0.40888208,0.42035714
0.40538177,0.40800086
0.39291182,0.40406147
0.3797856,0.3966316
0.35790855,0.3833478
0.3360315,0.36185887
0.32028002,0.34357688
0.30671626,0.33006144
0.29665282,0.319777
0.2780573,0.3085813
0.26886895,0.28995293
0.25377378,0.28716928
0.25421134,0.27081737
0.24371035,0.27471188
0.23189674,0.2609315
0.22598994,0.24964857
0.21242617,0.24724212
0.2010501,0.2353816
0.18901771,0.22363417
0.18879895,0.2126222
0.18661125,0.2126222
0.1796106,0.2126222
0.16889083,0.20608032
0.15860862,0.1958041
0.15707722,0.18701829
0.15620214,0.18701829
0.15160796,0.18701829
0.14876394,0.18010505
0.13366878,0.17537297
0.13716911,0.161597
0.1424196,0.16564785
0.14329468,0.17004612
0.13629402,0.17004612
0.13607526,0.16564785
0.2047692,0.16564785
0.2321155,0.22952797
0.25027347,0.25402555
0.26580617,0.27329668
0.27215052,0.28382167
0.2848392,0.29301807
0.29949683,0.30726966
0.31349814,0.31544018
0.33646905,0.33348763
0.6355283,0.35495824
0.62108946,0.62909013
0.615839,0.615419
0.5878364,0.615066
0.5838985,0.58991724
0.5604901,0.58345646
0.55458325,0.56618047
0.53226864,0.55816805
0.5187049,0.5380306
0.5082039,0.5261179
0.47757602,0.4984897
0.47123167,0.47136378
0.45701158,0.4674683
0.44104135,0.45223868
0.42813388,0.4391148
0.41457012,0.42035714
0.39641216,0.41268167
0.3797856,0.3966316
0.36972216,0.3833478
0.35572085,0.3718525
0.34981406,0.36185887
0.33121854,0.36185887
0.31415445,0.33890072
0.30912274,0.32662874
0.2900897,0.32349437
0.27630717,0.30269277
0.27193174,0.28995293
0.25793043,0.28716928
0.2410851,0.27471188
0.23474076,0.2609315
0.22708379,0.25577456
0.21308248,0.24724212
0.20148765,0.2353816
0.19054912,0.22363417
0.18486108,0.2126222
0.1796106,0.2126222
0.16735944,0.20608032
0.16582805,0.191759
0.1588274,0.191759
0.1446073,0.18701829
0.14285715,0.17537297
0.14001313,0.17004612
0.13388756,0.1668647
0.12710567,0.16564785
0.12601182,0.15909447
0.12579304,0.15909447
0.1253555,0.15734643
0.12469919,0.15384954
0.12338657,0.15384954
0.1231678,0.15384954
0.12360534,0.15384954
0.12360534,0.15384954
0.12776197,0.15384954
0.12973091,0.15909447
0.14088821,0.15909447
0.15160796,0.17004612
0.1535769,0.18010505
0.16582805,0.18238087
0.17042223,0.191759
0.18311092,0.19937454
0.18792386,0.20608032
0.20301904,0.2126222
0.21527018,0.22499655
0.23036535,0.23937355
0.24174142,0.251619
0.26799387,0.26530847
0.27696347,0.29301807
0.29534018,0.29580173
0.31262305,0.31192723
0.32881206,0.33035326
0.3471888,0.35028207
0.36906585,0.36569536
0.39291182,0.3841514
0.40975717,0.4089305
0.42528987,0.42029977
0.4377598,0.4315042
0.46335593,0.44648173
0.48501423,0.47622448
0.5001094,0.4960277
0.52351785,0.5080597
0.54189456,0.5331374
0.55152047,0.54711807
0.56858456,0.55503523
0.59002405,0.5706551
0.61233866,0.5909653
0.6261212,0.60449713
0.6315905,0.61990976
0.65412384,0.62909013
0.666375,0.64485675
0.68497044,0.65645164
0.68825203,0.6710182
0.7031284,0.6788299
0.72128636,0.69022644
0.73331875,0.70711225
0.73966306,0.7149698
0.7589149,0.72347707
0.7591337,0.74275917
0.7698534,0.74275917
0.7842923,0.74756694
0.77860427,0.75968224
0.78604245,0.755975
0.8013564,0.75968224
0.78582364,0.78007036
0.8042004,0.75968224
0.8046379,0.78007036
0.80879456,0.78007036
0.80945086,0.78007036
0.80376285,0.78007036
0.81316996,0.78007036
0.8136075,0.7876019
0.7926056,0.7876019
0.7963247,0.77108
0.79785603,0.77108
0.78166705,0.7739622
0.78144825,0.75968224
0.78144825,0.755975
0.7641654,0.755975
0.76438415,0.74275917
0.7545395,0.74275917
0.7405382,0.73334736
0.7401006,0.7222617
0.7241304,0.7194837
0.70925397,0.7039843
0.693065,0.6882138
0.6884708,0.67255646
0.6670313,0.67255646
0.6617808,0.6491925
0.58871144,0.6491925
0.5755852,0.5786086
0.5569897,0.57109976
0.53380007,0.54581136
0.52023625,0.52442956
0.5092977,0.5135809
0.4917961,0.50317067
0.47385693,0.48517558
0.45613652,0.46998355
0.4495734,0.44904312
0.43710348,0.44384938
0.41610152,0.43247643
0.38262963,0.4176342
0.3819733,0.38456142
0.367972,0.38456142
0.35550207,0.3718525
0.33800045,0.36185887
0.3176548,0.3470362
0.32399914,0.32933313
0.2990593,0.33613703
0.2938088,0.3085813
0.27499452,0.30607837
0.258368,0.28995293
0.2625246,0.27471188
0.23561583,0.27797282
0.23605338,0.2609315
0.21570772,0.2609315
0.20958215,0.23909344
0.2032378,0.23193641
0.19711223,0.22363417
0.18157953,0.22280243
0.17085977,0.20608032
0.17042223,0.19937454
0.16407788,0.19937454
0.15226428,0.191759
0.14810763,0.18010505
0.15598337,0.17537297
0.13148108,0.18701829
0.13629402,0.161597
0.13169985,0.16564785
0.13345002,0.161597
0.13782541,0.161597
0.13913804,0.16564785
0.13016845,0.1668647
0.12491796,0.15909447
0.12688689,0.15384954
0.13848174,0.15909447
0.13848174,0.1668647
0.14001313,0.1668647
0.16057755,0.1668647
0.1728287,0.18701829
0.18311092,0.19937454
0.18332969,0.20608032
0.19098665,0.20608032
0.21745789,0.21390764
0.23189674,0.24206519
0.23408444,0.25402555
0.56727195,0.26015154
0.5370816,0.56618047
0.51520455,0.54187864
0.4955152,0.52309346
0.48523298,0.5040177
0.4644498,0.4960277
0.45197988,0.47622448
0.4333844,0.4578547
0.41128856,0.4438549
0.40122512,0.42209902
0.3747539,0.39959425
0.36075258,0.37819672
0.35178298,0.3690442
0.34171954,0.36185887
0.32006127,0.3515849
0.30759135,0.33006144
0.29249617,0.319777
0.27433822,0.30607837
0.258368,0.28995293
0.24786699,0.27471188
0.23408444,0.26811227
0.22248961,0.25577456
0.21745789,0.24116577
0.19623715,0.23909344
0.1898928,0.22280243
0.1824546,0.2126222
0.16801575,0.20608032
0.16648436,0.1958041
0.15488952,0.191759
0.14570116,0.18701829
0.12951215,0.17537297
0.12579304,0.15909447
0.12863706,0.15734643
0.1082914,0.15909447
0.110041566,0.14244664
0.10807263,0.14244664
0.10632247,0.14244664
0.10807263,0.14244664
0.11047911,0.14244664
0.10741632,0.14244664
0.10807263,0.14244664
0.10435353,0.14244664
0.11310435,0.14107719
0.11310435,0.14423043
0.11310435,0.14423043
0.115073286,0.14423043
0.12688689,0.15015045
0.14198206,0.15909447
0.1424196,0.17004612
0.1535769,0.17004612
0.1743601,0.18238087
0.18595493,0.19937454
0.19645591,0.2126222
0.20739444,0.22343016
0.21920805,0.22952797
0.23539707,0.24206519
0.2568366,0.26530847
0.27127543,0.27989623
0.29337126,0.29301807
0.31349814,0.31192723
0.3366878,0.33348763
0.35484576,0.35841757
0.37366003,0.3741578
0.4005688,0.38894352
0.4235397,0.41189316
0.44104135,0.43083447
0.46926275,0.4531201
0.48938963,0.47703826
0.5053599,0.49729946
0.530081,0.51255715
0.5541457,0.5380306
0.5701159,0.55816805
0.58805513,0.5748082
0.60971344,0.58991724
0.62349594,0.60449713
0.6525924,0.615419
0.6652811,0.64251477
0.68059504,0.65645164
0.6928462,0.6678152
0.71166044,0.6788299
0.73331875,0.6951001
0.7427259,0.7149698
0.75235176,0.72540087
0.75803983,0.73389953
0.7825421,0.74275917
0.7928243,0.75968224
0.8085758,0.77108
0.8101072,0.78007036
0.8206082,0.7876019
0.8330781,0.7976369
0.8420477,0.80597353
0.84379786,0.8135692
0.8553927,0.81836265
0.85692406,0.8247498
0.85714287,0.8247498
0.8674251,0.8247498
0.8672063,0.8336029
0.8687377,0.8354452
0.86961275,0.8354452
0.86523736,0.83927304
0.8630497,0.83927304
0.8626121,0.8301324
0.85692406,0.8301324
0.85189235,0.82659215
0.8507985,0.82166564
0.8472982,0.82166564
0.82826513,0.82166564
0.81710786,0.8073191
0.8153577,0.7926049
0.80070007,0.79078275
0.8004813,0.7750003
0.68125135,0.7750003
0.6626559,0.66154176
0.6506235,0.6491925
0.6333406,0.63525563
0.6156202,0.6185561
0.58696127,0.6027093
0.56661564,0.57756054
0.55523956,0.55382377
0.535769,0.54581136
0.51148546,0.5277588
0.4977029,0.50317067
0.47276306,0.49401993
0.45482388,0.46998355
0.4368847,0.44904312
0.418508,0.43247643
0.4036316,0.4176342
0.38853642,0.40406147
0.37628528,0.38874924
0.35178298,0.37819672
0.3353752,0.36185887
0.33340627,0.34357688
0.31065413,0.33890072
0.2997156,0.32349437
0.27718222,0.31672364
0.27127543,0.28995293
0.2581492,0.28716928
0.24327281,0.27471188
0.22730257,0.2609315
0.2159265,0.24724212
0.19864362,0.23909344
0.18945526,0.22280243
0.17786042,0.2126222
0.17611027,0.20483594
0.15970246,0.20483594
0.14635748,0.18701829
0.13695034,0.17537297
0.13148108,0.16564785
0.11966747,0.161597
0.11616714,0.15015045
0.10391599,0.15015045
0.10063443,0.14107719
0.09800919,0.14107719
0.09166484,0.13748294
0.08072632,0.12709004
0.08269525,0.11428929
0.09385255,0.11664668
0.08991468,0.1301142
0.08882083,0.12709004
0.08947714,0.12709004
0.10282214,0.12709004
0.104791075,0.14107719
0.108510174,0.14107719
